,Players,AgeScore,N90sScore,TacklesTklScore,TacklesTklWScore,TacklesDef3rdScore,TacklesMid3rdScore,TacklesAtt3rdScore,VsDribblesAttScore,VsDribblesTklScore,VsDribblesTklPercentageScore,VsDribblesPastScore,PressuresPressScore,PressuresSuccScore,PressuresPercentageScore,PressuresDef3rdScore,PressuresMid3rdScore,PressuresAtt3rdScore,BlocksBlocksScore,BlocksShScore,BlocksShSvScore,BlocksPassScore,IntScore,TklPlusIntScore,ClrScore,ErrScore,TotalScore
0,I. Winter,,,,,,,,,,,,,,,,,,,,,,,,,,0.0
1,P. Nakubulwa,,,,,,,,,,,,,,,,,,,,,,,,,,0.0
2,Z. Iqbal,,,,,,,,,,,,,,,,,,,,,,,,,,0.0
3,F. Kizito,,,,,,,,,,,,,,,,,,,,,,,,,,0.0
4,L. Rezaei,,,,,,,,,,,,,,,,,,,,,,,,,,0.0
5,S. Anyait,,,,,,,,,,,,,,,,,,,,,,,,,,0.0
6,J. Teko,,,,,,,,,,,,,,,,,,,,,,,,,,0.0
7,I. Huber,,,,,,,,,,,,,,,,,,,,,,,,,,0.0
8,J. Bala,,,,,,,,,,,,,,,,,,,,,,,,,,0.0
9,M. Namukwaya,,,,,,,,,,,,,,,,,,,,,,,,,,0.0
10,Q. Hor,,,,,,,,,,,,,,,,,,,,,,,,,,0.0
11,D. Ikeda,,,,,,,,,,,,,,,,,,,,,,,,,,0.0
12,G. Köhler,,,,,,,,,,,,,,,,,,,,,,,,,,0.0
13,I. Ludwig,,,,,,,,,,,,,,,,,,,,,,,,,,0.0
14,K. Tóth,,,,,,,,,,,,,,,,,,,,,,,,,,0.0
15,U. Ortíz,,,,,,,,,,,,,,,,,,,,,,,,,,0.0
16,Y. Rabinovitch,,,,,,,,,,,,,,,,,,,,,,,,,,0.0
17,R. Petrenko,,,,,,,,,,,,,,,,,,,,,,,,,,0.0
18,D. Kikuchi,,,,,,,,,,,,,,,,,,,,,,,,,,0.0
19,Z. ?no,,,,,,,,,,,,,,,,,,,,,,,,,,0.0
20,K. Gonçalves,,,,,,,,,,,,,,,,,,,,,,,,,,0.0
21,P. Chew,,,,,,,,,,,,,,,,,,,,,,,,,,0.0
22,O. Kia,,,,,,,,,,,,,,,,,,,,,,,,,,0.0
23,D. Daniel,,,,,,,,,,,,,,,,,,,,,,,,,,0.0
24,F. Kembabazi,,,,,,,,,,,,,,,,,,,,,,,,,,0.0
25,F. Lieu,,,,,,,,,,,,,,,,,,,,,,,,,,0.0
26,H. Akugizibwe,,,,,,,,,,,,,,,,,,,,,,,,,,0.0
27,I. Akpan,,,,,,,,,,,,,,,,,,,,,,,,,,0.0
28,T. Awuah,,,,,,,,,,,,,,,,,,,,,,,,,,0.0
29,T. Barigye,,,,,,,,,,,,,,,,,,,,,,,,,,0.0
30,U. Ban,,,,,,,,,,,,,,,,,,,,,,,,,,0.0
31,I. Najjemba,,,,,,,,,,,,,,,,,,,,,,,,,,0.0
32,X. Nalukenge,,,,,,,,,,,,,,,,,,,,,,,,,,0.0
33,I. binti Omar,,,,,,,,,,,,,,,,,,,,,,,,,,0.0
34,M. Ludwig,,,,,,,,,,,,,,,,,,,,,,,,,,0.0
35,M. Nkhata,,,,,,,,,,,,,,,,,,,,,,,,,,0.0
36,F. Nakazibwe,,,,,,,,,,,,,,,,,,,,,,,,,,0.0
37,Z. Okon,,,,,,,,,,,,,,,,,,,,,,,,,,0.0
38,G. Nimusiima,,,,,,,,,,,,,,,,,,,,,,,,,,0.0
39,D. Chen,,,,,,,,,,,,,,,,,,,,,,,,,,0.0
40,C. Muyama,,,,,,,,,,,,,,,,,,,,,,,,,,0.0
41,G. Hernández,,,,,,,,,,,,,,,,,,,,,,,,,,0.0
42,L. Mugumya,,,,,,,,,,,,,,,,,,,,,,,,,,0.0
43,U. Kaahwa,,,,,,,,,,,,,,,,,,,,,,,,,,0.0
44,U. Wright,,,,,,,,,,,,,,,,,,,,,,,,,,0.0
45,Z. Agyei,,,,,,,,,,,,,,,,,,,,,,,,,,0.0
46,Q. Sarfo,,,,,,,,,,,,,,,,,,,,,,,,,,0.0
47,A. Haruna,,,,,,,,,,,,,,,,,,,,,,,,,,0.0
48,D. Svensson,,,,,,,,,,,,,,,,,,,,,,,,,,0.0
49,O. Khainza,,,,,,,,,,,,,,,,,,,,,,,,,,0.0
50,Y. Eyotaru,,,,,,,,,,,,,,,,,,,,,,,,,,0.0
51,D. Martini,,,,,,,,,,,,,,,,,,,,,,,,,,0.0
52,S. Namugere,,,,,,,,,,,,,,,,,,,,,,,,,,0.0
53,F. Kalule,,,,,,,,,,,,,,,,,,,,,,,,,,0.0
54,T. Nouri,,,,,,,,,,,,,,,,,,,,,,,,,,0.0
55,V. Thompson,,,,,,,,,,,,,,,,,,,,,,,,,,0.0
56,V. bin Ali,,,,,,,,,,,,,,,,,,,,,,,,,,0.0
57,N. Nantege,,,,,,,,,,,,,,,,,,,,,,,,,,0.0
58,B. Longoli,,,,,,,,,,,,,,,,,,,,,,,,,,0.0
59,A. Tay,,,,,,,,,,,,,,,,,,,,,,,,,,0.0
60,D. Yusof,,,,,,,,,,,,,,,,,,,,,,,,,,0.0
61,B. Stewart,,,,,,,,,,,,,,,,,,,,,,,,,,0.0
62,H. Steiner,,,,,,,,,,,,,,,,,,,,,,,,,,0.0
63,K. Mirkovi?,,,,,,,,,,,,,,,,,,,,,,,,,,0.0
64,Y. Aidoo,,,,,,,,,,,,,,,,,,,,,,,,,,0.0
65,Z. Chipeta,,,,,,,,,,,,,,,,,,,,,,,,,,0.0
66,D. Asaba,,,,,,,,,,,,,,,,,,,,,,,,,,0.0
67,S. Chided,,,,,,,,,,,,,,,,,,,,,,,,,,0.0
68,S. Kaggwa,,,,,,,,,,,,,,,,,,,,,,,,,,0.0
69,E. ?ta,,,,,,,,,,,,,,,,,,,,,,,,,,0.0
70,Z. Semakula,,,,,,,,,,,,,,,,,,,,,,,,,,0.0
71,Q. Aini,,,,,,,,,,,,,,,,,,,,,,,,,,0.0
72,E. Ramezani,,,,,,,,,,,,,,,,,,,,,,,,,,0.0
73,V. Ram,,,,,,,,,,,,,,,,,,,,,,,,,,0.0
74,Z. Nakagawa,,,,,,,,,,,,,,,,,,,,,,,,,,0.0
75,A. Akoth,,,,,,,,,,,,,,,,,,,,,,,,,,0.0
76,G. Dijkstra,,,,,,,,,,,,,,,,,,,,,,,,,,0.0
77,K. Abalo,,,,,,,,,,,,,,,,,,,,,,,,,,0.0
78,V. Garcia,,,,,,,,,,,,,,,,,,,,,,,,,,0.0
79,A. Sihombing,,,,,,,,,,,,,,,,,,,,,,,,,,0.0
80,F. Nassolo,,,,,,,,,,,,,,,,,,,,,,,,,,0.0
81,M. Tumuramye,,,,,,,,,,,,,,,,,,,,,,,,,,0.0
82,E. Ruzvidzo,,,,,,,,,,,,,,,,,,,,,,,,,,0.0
83,I. Kabagenyi,,,,,,,,,,,,,,,,,,,,,,,,,,0.0
84,T. Chebet,,,,,,,,,,,,,,,,,,,,,,,,,,0.0
85,Z. Rojas,,,,,,,,,,,,,,,,,,,,,,,,,,0.0
86,I. Ssentongo,,,,,,,,,,,,,,,,,,,,,,,,,,0.0
87,X. Nazari,,,,,,,,,,,,,,,,,,,,,,,,,,0.0
88,M. Carpentier,,,,,,,,,,,,,,,,,,,,,,,,,,0.0
89,H. Twongirwe,,,,,,,,,,,,,,,,,,,,,,,,,,0.0
90,P. Saputra,,,,,,,,,,,,,,,,,,,,,,,,,,0.0
91,N. Kamusiime,,,,,,,,,,,,,,,,,,,,,,,,,,0.0
92,A. Tumuhaise,,,,,,,,,,,,,,,,,,,,,,,,,,0.0
93,H. Farina,,,,,,,,,,,,,,,,,,,,,,,,,,0.0
94,S. Debnath,,,,,,,,,,,,,,,,,,,,,,,,,,0.0
95,I. Namugosa,,,,,,,,,,,,,,,,,,,,,,,,,,0.0
96,G. Tukwasibwe,,,,,,,,,,,,,,,,,,,,,,,,,,0.0
97,A. Berisha,,,,,,,,,,,,,,,,,,,,,,,,,,0.0
98,T. Kafuko,,,,,,,,,,,,,,,,,,,,,,,,,,0.0
99,H. Turyatunga,,,,,,,,,,,,,,,,,,,,,,,,,,0.0
100,D. Pellegrino,,,,,,,,,,,,,,,,,,,,,,,,,,0.0
101,D. Iskandar,,,,,,,,,,,,,,,,,,,,,,,,,,0.0
102,F. Hove,,,,,,,,,,,,,,,,,,,,,,,,,,0.0
103,C. Boyko,,,,,,,,,,,,,,,,,,,,,,,,,,0.0
104,B. Masika,,,,,,,,,,,,,,,,,,,,,,,,,,0.0
105,B. Weiß,,,,,,,,,,,,,,,,,,,,,,,,,,0.0
106,B. Wright,,,,,,,,,,,,,,,,,,,,,,,,,,0.0
107,K. Machava,,,,,,,,,,,,,,,,,,,,,,,,,,0.0
108,Q. Majawa,,,,,,,,,,,,,,,,,,,,,,,,,,0.0
109,Z. Kayendeke,,,,,,,,,,,,,,,,,,,,,,,,,,0.0
110,Z. Mutandwa,,,,,,,,,,,,,,,,,,,,,,,,,,0.0
111,A. Nakiranda,,,,,,,,,,,,,,,,,,,,,,,,,,0.0
112,Q. Sam,,,,,,,,,,,,,,,,,,,,,,,,,,0.0
113,S. Kasamba,,,,,,,,,,,,,,,,,,,,,,,,,,0.0
114,R. Navarro,,,,,,,,,,,,,,,,,,,,,,,,,,0.0
115,T. Nagujja,,,,,,,,,,,,,,,,,,,,,,,,,,0.0
116,F. Omara,,,,,,,,,,,,,,,,,,,,,,,,,,0.0
117,Y. Deng,,,,,,,,,,,,,,,,,,,,,,,,,,0.0
118,A. Acheng,,,,,,,,,,,,,,,,,,,,,,,,,,0.0
119,D. Tawiah,,,,,,,,,,,,,,,,,,,,,,,,,,0.0
120,M. Happy,,,,,,,,,,,,,,,,,,,,,,,,,,0.0
121,C. Mwesige,,,,,,,,,,,,,,,,,,,,,,,,,,0.0
122,C. Kawooya,,,,,,,,,,,,,,,,,,,,,,,,,,0.0
123,O. binti Mohamad,,,,,,,,,,,,,,,,,,,,,,,,,,0.0
124,P. Ferri,,,,,,,,,,,,,,,,,,,,,,,,,,0.0
125,Y. Phe,,,,,,,,,,,,,,,,,,,,,,,,,,0.0
126,V. Abiria,,,,,,,,,,,,,,,,,,,,,,,,,,0.0
127,X. Heikkilä,,,,,,,,,,,,,,,,,,,,,,,,,,0.0
128,M. Nabukwasi,,,,,,,,,,,,,,,,,,,,,,,,,,0.0
129,I. Amoah,,,,,,,,,,,,,,,,,,,,,,,,,,0.0
130,F. Kollár,,,,,,,,,,,,,,,,,,,,,,,,,,0.0
131,V. Lao,,,,,,,,,,,,,,,,,,,,,,,,,,0.0
132,K. Najjuma,,,,,,,,,,,,,,,,,,,,,,,,,,0.0
133,S. Mbewe,,,,,,,,,,,,,,,,,,,,,,,,,,0.0
134,C. K?avi?š,,,,,,,,,,,,,,,,,,,,,,,,,,0.0
135,O. Mägi,,,,,,,,,,,,,,,,,,,,,,,,,,0.0
136,C. Magombo,,,,,,,,,,,,,,,,,,,,,,,,,,0.0
137,M. Tang,,,,,,,,,,,,,,,,,,,,,,,,,,0.0
138,K. Mpofu,,,,,,,,,,,,,,,,,,,,,,,,,,0.0
139,A. Janssen,,,,,,,,,,,,,,,,,,,,,,,,,,0.0
140,D. Nishimura,,,,,,,,,,,,,,,,,,,,,,,,,,0.0
141,E. Koç,,,,,,,,,,,,,,,,,,,,,,,,,,0.0
142,W. Karlsson,,,,,,,,,,,,,,,,,,,,,,,,,,0.0
143,C. Bai,,,,,,,,,,,,,,,,,,,,,,,,,,0.0
144,J. Tse,,,,,,,,,,,,,,,,,,,,,,,,,,0.0
145,W. Twinamatsiko,,,,,,,,,,,,,,,,,,,,,,,,,,0.0
146,K. Ferrari,,,,,,,,,,,,,,,,,,,,,,,,,,0.0
147,D. Shahar,,,,,,,,,,,,,,,,,,,,,,,,,,0.0
148,F. Fujihara,,,,,,,,,,,,,,,,,,,,,,,,,,0.0
149,J. Ssempijja,,,,,,,,,,,,,,,,,,,,,,,,,,0.0
150,P. Byamukama,,,,,,,,,,,,,,,,,,,,,,,,,,0.0
151,Q. Tiko,,,,,,,,,,,,,,,,,,,,,,,,,,0.0
152,W. Alves,,,,,,,,,,,,,,,,,,,,,,,,,,0.0
153,E. Kühn,,,,,,,,,,,,,,,,,,,,,,,,,,0.0
154,C. Danquah,,,,,,,,,,,,,,,,,,,,,,,,,,0.0
155,J. Tsan,,,,,,,,,,,,,,,,,,,,,,,,,,0.0
156,Z. Kituyi,,,,,,,,,,,,,,,,,,,,,,,,,,0.0
157,D. Mo,,,,,,,,,,,,,,,,,,,,,,,,,,0.0
158,E. Nakayiza,,,,,,,,,,,,,,,,,,,,,,,,,,0.0
159,S. Wafula,,,,,,,,,,,,,,,,,,,,,,,,,,0.0
160,H. Byamugisha,,,,,,,,,,,,,,,,,,,,,,,,,,0.0
161,H. Makoni,,,,,,,,,,,,,,,,,,,,,,,,,,0.0
162,T. Teo,,,,,,,,,,,,,,,,,,,,,,,,,,0.0
163,G. Cossa,,,,,,,,,,,,,,,,,,,,,,,,,,0.0
164,S. Rahmani,,,,,,,,,,,,,,,,,,,,,,,,,,0.0
165,X. Emmanuel,,,,,,,,,,,,,,,,,,,,,,,,,,0.0
166,F. Namajja,,,,,,,,,,,,,,,,,,,,,,,,,,0.0
167,F. Hughes,,,,,,,,,,,,,,,,,,,,,,,,,,0.0
168,A. Andama,,,,,,,,,,,,,,,,,,,,,,,,,,0.0
169,Y. Nassuuna,,,,,,,,,,,,,,,,,,,,,,,,,,0.0
170,J. Kyarisiima,,,,,,,,,,,,,,,,,,,,,,,,,,0.0
171,O. Takeda,,,,,,,,,,,,,,,,,,,,,,,,,,0.0
172,Q. Coppola,,,,,,,,,,,,,,,,,,,,,,,,,,0.0
173,V. Mhlanga,,,,,,,,,,,,,,,,,,,,,,,,,,0.0
174,J. Kawano,,,,,,,,,,,,,,,,,,,,,,,,,,0.0
175,D. Mabhena,,,,,,,,,,,,,,,,,,,,,,,,,,0.0
176,F. Yunusa,,,,,,,,,,,,,,,,,,,,,,,,,,0.0
177,T. Neves,,,,,,,,,,,,,,,,,,,,,,,,,,0.0
178,Z. Musenero,,,,,,,,,,,,,,,,,,,,,,,,,,0.0
179,O. Naderi,,,,,,,,,,,,,,,,,,,,,,,,,,0.0
180,A. Nabuuma,,,,,,,,,,,,,,,,,,,,,,,,,,0.0
181,B. Ban,,,,,,,,,,,,,,,,,,,,,,,,,,0.0
182,B. Polák,,,,,,,,,,,,,,,,,,,,,,,,,,0.0
183,L. Mulyani,,,,,,,,,,,,,,,,,,,,,,,,,,0.0
184,O. Wagner,,,,,,,,,,,,,,,,,,,,,,,,,,0.0
185,S. Bukirwa,,,,,,,,,,,,,,,,,,,,,,,,,,0.0
186,A. Palmieri,,,,,,,,,,,,,,,,,,,,,,,,,,0.0
187,W. Santoro,,,,,,,,,,,,,,,,,,,,,,,,,,0.0
188,E. Gamal,,,,,,,,,,,,,,,,,,,,,,,,,,0.0
189,I. Chandra,,,,,,,,,,,,,,,,,,,,,,,,,,0.0
190,P. Igwe,,,,,,,,,,,,,,,,,,,,,,,,,,0.0
191,S. bin Ramli,,,,,,,,,,,,,,,,,,,,,,,,,,0.0
192,J. Mushabe,,,,,,,,,,,,,,,,,,,,,,,,,,0.0
193,K. Oloya,,,,,,,,,,,,,,,,,,,,,,,,,,0.0
194,B. Lai,,,,,,,,,,,,,,,,,,,,,,,,,,0.0
195,K. Kyosiimire,,,,,,,,,,,,,,,,,,,,,,,,,,0.0
196,S. Namanya,,,,,,,,,,,,,,,,,,,,,,,,,,0.0
197,E. Fujii,,,,,,,,,,,,,,,,,,,,,,,,,,0.0
198,F. Shkreli,,,,,,,,,,,,,,,,,,,,,,,,,,0.0
199,G. Namanya,,,,,,,,,,,,,,,,,,,,,,,,,,0.0
200,H. Kaweesi,,,,,,,,,,,,,,,,,,,,,,,,,,0.0
201,U. Müller,,,,,,,,,,,,,,,,,,,,,,,,,,0.0
202,X. binti Awang,,,,,,,,,,,,,,,,,,,,,,,,,,0.0
203,O. Tshuma,,,,,,,,,,,,,,,,,,,,,,,,,,0.0
204,B. Okyere,,,,,,,,,,,,,,,,,,,,,,,,,,0.0
205,O. Barone,,,,,,,,,,,,,,,,,,,,,,,,,,0.0
206,G. Sande,,,,,,,,,,,,,,,,,,,,,,,,,,0.0
207,O. Kembabazi,,,,,,,,,,,,,,,,,,,,,,,,,,0.0
208,T. Muhumuza,,,,,,,,,,,,,,,,,,,,,,,,,,0.0
209,C. Mashiri,,,,,,,,,,,,,,,,,,,,,,,,,,0.0
210,K. Ahimbisibwe,,,,,,,,,,,,,,,,,,,,,,,,,,0.0
211,L. Wenene,,,,,,,,,,,,,,,,,,,,,,,,,,0.0
212,H. Rees,,,,,,,,,,,,,,,,,,,,,,,,,,0.0
213,A. Namataka,,,,,,,,,,,,,,,,,,,,,,,,,,0.0
214,D. Kugonza,,,,,,,,,,,,,,,,,,,,,,,,,,0.0
215,K. Kao,,,,,,,,,,,,,,,,,,,,,,,,,,0.0
216,M. Guma,,,,,,,,,,,,,,,,,,,,,,,,,,0.0
217,U. Francisco,,,,,,,,,,,,,,,,,,,,,,,,,,0.0
218,V. Chauke,,,,,,,,,,,,,,,,,,,,,,,,,,0.0
219,K. Nanyonjo,,,,,,,,,,,,,,,,,,,,,,,,,,0.0
220,H. Pärn,,,,,,,,,,,,,,,,,,,,,,,,,,0.0
221,C. Nurjanah,,,,,,,,,,,,,,,,,,,,,,,,,,0.0
222,C. Oloya,,,,,,,,,,,,,,,,,,,,,,,,,,0.0
223,M. Heinonen,,,,,,,,,,,,,,,,,,,,,,,,,,0.0
224,Q. Turinawe,,,,,,,,,,,,,,,,,,,,,,,,,,0.0
225,F. Sepp,,,,,,,,,,,,,,,,,,,,,,,,,,0.0
226,G. Bernardi,,,,,,,,,,,,,,,,,,,,,,,,,,0.0
227,J. Driwaru,,,,,,,,,,,,,,,,,,,,,,,,,,0.0
228,L. Masson,,,,,,,,,,,,,,,,,,,,,,,,,,0.0
229,L. Namugaya,,,,,,,,,,,,,,,,,,,,,,,,,,0.0
230,Q. Nakintu,,,,,,,,,,,,,,,,,,,,,,,,,,0.0
231,R. Okoye,,,,,,,,,,,,,,,,,,,,,,,,,,0.0
232,K. Koskinen,,,,,,,,,,,,,,,,,,,,,,,,,,0.0
233,C. Namanda,,,,,,,,,,,,,,,,,,,,,,,,,,0.0
234,D. Günther,,,,,,,,,,,,,,,,,,,,,,,,,,0.0
235,H. Suleiman,,,,,,,,,,,,,,,,,,,,,,,,,,0.0
236,W. Muchenje,,,,,,,,,,,,,,,,,,,,,,,,,,0.0
237,C. Prakash,,,,,,,,,,,,,,,,,,,,,,,,,,0.0
238,F. bin Ishak,,,,,,,,,,,,,,,,,,,,,,,,,,0.0
239,K. Amer,,,,,,,,,,,,,,,,,,,,,,,,,,0.0
240,K. Ber,,,,,,,,,,,,,,,,,,,,,,,,,,0.0
241,S. Aisyah,,,,,,,,,,,,,,,,,,,,,,,,,,0.0
242,B. Savolainen,,,,,,,,,,,,,,,,,,,,,,,,,,0.0
243,Y. Koay,,,,,,,,,,,,,,,,,,,,,,,,,,0.0
244,H. Kabugho,,,,,,,,,,,,,,,,,,,,,,,,,,0.0
245,V. Thakor,,,,,,,,,,,,,,,,,,,,,,,,,,0.0
246,X. Ssemakula,,,,,,,,,,,,,,,,,,,,,,,,,,0.0
247,V. Ezra,,,,,,,,,,,,,,,,,,,,,,,,,,0.0
248,Z. Patel,,,,,,,,,,,,,,,,,,,,,,,,,,0.0
249,A. Nakiranda,,,,,,,,,,,,,,,,,,,,,,,,,,0.0
250,B. Simango,,,,,,,,,,,,,,,,,,,,,,,,,,0.0
251,E. Fernando,,,,,,,,,,,,,,,,,,,,,,,,,,0.0
252,E. Schmitz,,,,,,,,,,,,,,,,,,,,,,,,,,0.0
253,Q. Ueda,,,,,,,,,,,,,,,,,,,,,,,,,,0.0
254,T. Y?ld?z,,,,,,,,,,,,,,,,,,,,,,,,,,0.0
255,U. Chen,,,,,,,,,,,,,,,,,,,,,,,,,,0.0
256,L. Rostami,,,,,,,,,,,,,,,,,,,,,,,,,,0.0
257,Z. Donkor,,,,,,,,,,,,,,,,,,,,,,,,,,0.0
258,D. Kyambadde,,,,,,,,,,,,,,,,,,,,,,,,,,0.0
259,S. Agustina,,,,,,,,,,,,,,,,,,,,,,,,,,0.0
260,B. Miyasaki,,,,,,,,,,,,,,,,,,,,,,,,,,0.0
261,G. Avraham,,,,,,,,,,,,,,,,,,,,,,,,,,0.0
262,E. Ilukol,,,,,,,,,,,,,,,,,,,,,,,,,,0.0
263,F. Olinga,,,,,,,,,,,,,,,,,,,,,,,,,,0.0
264,M. Ruggiero,,,,,,,,,,,,,,,,,,,,,,,,,,0.0
265,L. Masaba,,,,,,,,,,,,,,,,,,,,,,,,,,0.0
266,J. Schuster,,,,,,,,,,,,,,,,,,,,,,,,,,0.0
267,R. Dumont,,,,,,,,,,,,,,,,,,,,,,,,,,0.0
268,E. Ooi,,,,,,,,,,,,,,,,,,,,,,,,,,0.0
269,S. Nalugwa,,,,,,,,,,,,,,,,,,,,,,,,,,0.0
270,M. Ma,,,,,,,,,,,,,,,,,,,,,,,,,,0.0
271,J. Kinoshita,,,,,,,,,,,,,,,,,,,,,,,,,,0.0
272,K. Ber,,,,,,,,,,,,,,,,,,,,,,,,,,0.0
273,H. Naluyima,,,,,,,,,,,,,,,,,,,,,,,,,,0.0
274,B. Bos,,,,,,,,,,,,,,,,,,,,,,,,,,0.0
275,N. Gumbo,,,,,,,,,,,,,,,,,,,,,,,,,,0.0
276,H. Lefebvre,,,,,,,,,,,,,,,,,,,,,,,,,,0.0
277,P. Xu,,,,,,,,,,,,,,,,,,,,,,,,,,0.0
278,P. Otto,,,,,,,,,,,,,,,,,,,,,,,,,,0.0
279,E. Becker,,,,,,,,,,,,,,,,,,,,,,,,,,0.0
280,B. Nakabugo,,,,,,,,,,,,,,,,,,,,,,,,,,0.0
281,F. Baguma,,,,,,,,,,,,,,,,,,,,,,,,,,0.0
282,F. Hubert,,,,,,,,,,,,,,,,,,,,,,,,,,0.0
283,S. Chelangat,,,,,,,,,,,,,,,,,,,,,,,,,,0.0
284,G. Jumbe,,,,,,,,,,,,,,,,,,,,,,,,,,0.0
285,K. Golan,,,,,,,,,,,,,,,,,,,,,,,,,,0.0
286,M. Tseu,,,,,,,,,,,,,,,,,,,,,,,,,,0.0
287,A. Peña,,,,,,,,,,,,,,,,,,,,,,,,,,0.0
288,S. Candiru,,,,,,,,,,,,,,,,,,,,,,,,,,0.0
289,P. Chi,,,,,,,,,,,,,,,,,,,,,,,,,,0.0
290,R. Mutumba,,,,,,,,,,,,,,,,,,,,,,,,,,0.0
291,W. Salamah,,,,,,,,,,,,,,,,,,,,,,,,,,0.0
292,R. binti Mohamed,,,,,,,,,,,,,,,,,,,,,,,,,,0.0
293,J. Odeke,,,,,,,,,,,,,,,,,,,,,,,,,,0.0
294,M. Chavula,,,,,,,,,,,,,,,,,,,,,,,,,,0.0
295,W. Aciro,,,,,,,,,,,,,,,,,,,,,,,,,,0.0
296,I. Nabatanzi,,,,,,,,,,,,,,,,,,,,,,,,,,0.0
297,P. Nahabwe,,,,,,,,,,,,,,,,,,,,,,,,,,0.0
298,S. Lamptey,,,,,,,,,,,,,,,,,,,,,,,,,,0.0
299,M. Nagudi,,,,,,,,,,,,,,,,,,,,,,,,,,0.0
300,L. James,,,,,,,,,,,,,,,,,,,,,,,,,,0.0
301,J. Ginting,,,,,,,,,,,,,,,,,,,,,,,,,,0.0
302,O. Kuloba,,,,,,,,,,,,,,,,,,,,,,,,,,0.0
303,G. Asiedu,,,,,,,,,,,,,,,,,,,,,,,,,,0.0
304,L. Hasegawa,,,,,,,,,,,,,,,,,,,,,,,,,,0.0
305,O. Alon,,,,,,,,,,,,,,,,,,,,,,,,,,0.0
306,C. Amoding,,,,,,,,,,,,,,,,,,,,,,,,,,0.0
307,I. Nantale,,,,,,,,,,,,,,,,,,,,,,,,,,0.0
308,J. Ferri,,,,,,,,,,,,,,,,,,,,,,,,,,0.0
309,G. Suad,,,,,,,,,,,,,,,,,,,,,,,,,,0.0
310,H. Romero,,,,,,,,,,,,,,,,,,,,,,,,,,0.0
311,D. Tweheyo,,,,,,,,,,,,,,,,,,,,,,,,,,0.0
312,H. Mphande,,,,,,,,,,,,,,,,,,,,,,,,,,0.0
313,M. Kamya,,,,,,,,,,,,,,,,,,,,,,,,,,0.0
314,C. Kazibwe,,,,,,,,,,,,,,,,,,,,,,,,,,0.0
315,O. Bošnjak,,,,,,,,,,,,,,,,,,,,,,,,,,0.0
316,J. Dahiru,,,,,,,,,,,,,,,,,,,,,,,,,,0.0
317,N. Ferhatovi?,,,,,,,,,,,,,,,,,,,,,,,,,,0.0
318,A. Schmidt,,,,,,,,,,,,,,,,,,,,,,,,,,0.0
319,A. Núñez,,,,,,,,,,,,,,,,,,,,,,,,,,0.0
320,R. Majoni,,,,,,,,,,,,,,,,,,,,,,,,,,0.0
321,C. Danquah,,,,,,,,,,,,,,,,,,,,,,,,,,0.0
322,F. Kavalio?,,,,,,,,,,,,,,,,,,,,,,,,,,0.0
323,B. Nandudu,,,,,,,,,,,,,,,,,,,,,,,,,,0.0
324,J. Delemovi?,,,,,,,,,,,,,,,,,,,,,,,,,,0.0
325,D. Byogero,,,,,,,,,,,,,,,,,,,,,,,,,,0.0
326,U. Arthur,,,,,,,,,,,,,,,,,,,,,,,,,,0.0
327,E. Nakayiza,,,,,,,,,,,,,,,,,,,,,,,,,,0.0
328,D. Vuji?,,,,,,,,,,,,,,,,,,,,,,,,,,0.0
329,S. Nayiga,,,,,,,,,,,,,,,,,,,,,,,,,,0.0
330,H. Nyombi,,,,,,,,,,,,,,,,,,,,,,,,,,0.0
331,J. Rinaldi,,,,,,,,,,,,,,,,,,,,,,,,,,0.0
332,I. Nanangwe,,,,,,,,,,,,,,,,,,,,,,,,,,0.0
333,Y. Peter,,,,,,,,,,,,,,,,,,,,,,,,,,0.0
334,B. Nassozi,,,,,,,,,,,,,,,,,,,,,,,,,,0.0
335,B. Pandit,,,,,,,,,,,,,,,,,,,,,,,,,,0.0
336,K. Cohen,,,,,,,,,,,,,,,,,,,,,,,,,,0.0
337,R. Dube,,,,,,,,,,,,,,,,,,,,,,,,,,0.0
338,D. Nangiro,,,,,,,,,,,,,,,,,,,,,,,,,,0.0
339,L. Kalni?š,,,,,,,,,,,,,,,,,,,,,,,,,,0.0
340,M. Mizrahi,,,,,,,,,,,,,,,,,,,,,,,,,,0.0
341,H. Afriyie,,,,,,,,,,,,,,,,,,,,,,,,,,0.0
342,J. Mutyaba,,,,,,,,,,,,,,,,,,,,,,,,,,0.0
343,O. Isaac,,,,,,,,,,,,,,,,,,,,,,,,,,0.0
344,H. Isa,,,,,,,,,,,,,,,,,,,,,,,,,,0.0
345,K. Weiß,,,,,,,,,,,,,,,,,,,,,,,,,,0.0
346,Y. Bano,,,,,,,,,,,,,,,,,,,,,,,,,,0.0
347,G. Baig,,,,,,,,,,,,,,,,,,,,,,,,,,0.0
348,M. Okori,,,,,,,,,,,,,,,,,,,,,,,,,,0.0
349,S. Parisi,,,,,,,,,,,,,,,,,,,,,,,,,,0.0
350,U. Heilig,,,,,,,,,,,,,,,,,,,,,,,,,,0.0
351,U. bin Salleh,,,,,,,,,,,,,,,,,,,,,,,,,,0.0
352,Y. Kat?,,,,,,,,,,,,,,,,,,,,,,,,,,0.0
353,B. Waon,,,,,,,,,,,,,,,,,,,,,,,,,,0.0
354,N. Nakacwa,,,,,,,,,,,,,,,,,,,,,,,,,,0.0
355,V. Koller,,,,,,,,,,,,,,,,,,,,,,,,,,0.0
356,D. Hí,,,,,,,,,,,,,,,,,,,,,,,,,,0.0
357,K. Okwir,,,,,,,,,,,,,,,,,,,,,,,,,,0.0
358,M. Begu,,,,,,,,,,,,,,,,,,,,,,,,,,0.0
359,M. Lunkuse,,,,,,,,,,,,,,,,,,,,,,,,,,0.0
360,Q. bin Abd Rahman,,,,,,,,,,,,,,,,,,,,,,,,,,0.0
361,Z. Akoth,,,,,,,,,,,,,,,,,,,,,,,,,,0.0
362,J. Irawan,,,,,,,,,,,,,,,,,,,,,,,,,,0.0
363,B. Kayondo,,,,,,,,,,,,,,,,,,,,,,,,,,0.0
364,P. Tumwine,,,,,,,,,,,,,,,,,,,,,,,,,,0.0
365,X. Lubega,,,,,,,,,,,,,,,,,,,,,,,,,,0.0
366,G. Kasamba,,,,,,,,,,,,,,,,,,,,,,,,,,0.0
367,F. Fournier,,,,,,,,,,,,,,,,,,,,,,,,,,0.0
368,B. Waon,,,,,,,,,,,,,,,,,,,,,,,,,,0.0
369,F. Aminu,,,,,,,,,,,,,,,,,,,,,,,,,,0.0
370,J. Wojciechowski,,,,,,,,,,,,,,,,,,,,,,,,,,0.0
371,L. Akech,,,,,,,,,,,,,,,,,,,,,,,,,,0.0
372,L. bin Osman,,,,,,,,,,,,,,,,,,,,,,,,,,0.0
373,Q. Becker,,,,,,,,,,,,,,,,,,,,,,,,,,0.0
374,U. Mousavi,,,,,,,,,,,,,,,,,,,,,,,,,,0.0
375,X. Kyei,,,,,,,,,,,,,,,,,,,,,,,,,,0.0
376,N. Bianco,,,,,,,,,,,,,,,,,,,,,,,,,,0.0
377,D. Anyango,,,,,,,,,,,,,,,,,,,,,,,,,,0.0
378,V. Krisensen,,,,,,,,,,,,,,,,,,,,,,,,,,0.0
379,S. Busch,,,,,,,,,,,,,,,,,,,,,,,,,,0.0
380,P. Konadu,,,,,,,,,,,,,,,,,,,,,,,,,,0.0
381,D. Okech,,,,,,,,,,,,,,,,,,,,,,,,,,0.0
382,S. Chemutai,,,,,,,,,,,,,,,,,,,,,,,,,,0.0
383,Q. Busobozi,,,,,,,,,,,,,,,,,,,,,,,,,,0.0
384,X. Ahmad,,,,,,,,,,,,,,,,,,,,,,,,,,0.0
385,I. Nartey,,,,,,,,,,,,,,,,,,,,,,,,,,0.0
386,A. Ross,,,,,,,,,,,,,,,,,,,,,,,,,,0.0
387,P. Ssempijja,,,,,,,,,,,,,,,,,,,,,,,,,,0.0
388,S. Nachum,,,,,,,,,,,,,,,,,,,,,,,,,,0.0
389,R. Yeko,,,,,,,,,,,,,,,,,,,,,,,,,,0.0
390,S. Magezi,,,,,,,,,,,,,,,,,,,,,,,,,,0.0
391,Z. Mugeni,,,,,,,,,,,,,,,,,,,,,,,,,,0.0
392,F. Ashaba,,,,,,,,,,,,,,,,,,,,,,,,,,0.0
393,F. Namukasa,,,,,,,,,,,,,,,,,,,,,,,,,,0.0
394,E. Patra,,,,,,,,,,,,,,,,,,,,,,,,,,0.0
395,Q. Ogwang,,,,,,,,,,,,,,,,,,,,,,,,,,0.0
396,S. Oduro,,,,,,,,,,,,,,,,,,,,,,,,,,0.0
397,M. Schwartz,,,,,,,,,,,,,,,,,,,,,,,,,,0.0
398,A. Grgi?,,,,,,,,,,,,,,,,,,,,,,,,,,0.0
399,R. Dahl,,,,,,,,,,,,,,,,,,,,,,,,,,0.0
400,B. Jalali,,,,,,,,,,,,,,,,,,,,,,,,,,0.0
401,F. Ankrah,,,,,,,,,,,,,,,,,,,,,,,,,,0.0
402,X. Walusimbi,,,,,,,,,,,,,,,,,,,,,,,,,,0.0
403,S. Armah,,,,,,,,,,,,,,,,,,,,,,,,,,0.0
404,D. Hsu,,,,,,,,,,,,,,,,,,,,,,,,,,0.0
405,Q. Roche,,,,,,,,,,,,,,,,,,,,,,,,,,0.0
406,I. Nalubwama,,,,,,,,,,,,,,,,,,,,,,,,,,0.0
407,M. Watson,,,,,,,,,,,,,,,,,,,,,,,,,,0.0
408,B. Nanyunja,,,,,,,,,,,,,,,,,,,,,,,,,,0.0
409,I. Khalili,,,,,,,,,,,,,,,,,,,,,,,,,,0.0
410,L. Khachatryan,,,,,,,,,,,,,,,,,,,,,,,,,,0.0
411,N. binti Sulaiman,,,,,,,,,,,,,,,,,,,,,,,,,,0.0
412,R. Magaya,,,,,,,,,,,,,,,,,,,,,,,,,,0.0
413,S. Nassazi,,,,,,,,,,,,,,,,,,,,,,,,,,0.0
414,Z. Frank,,,,,,,,,,,,,,,,,,,,,,,,,,0.0
415,X. Mulder,,,,,,,,,,,,,,,,,,,,,,,,,,0.0
416,L. Arai,,,,,,,,,,,,,,,,,,,,,,,,,,0.0
417,Y. Jain,,,,,,,,,,,,,,,,,,,,,,,,,,0.0
418,F. Apili,,,,,,,,,,,,,,,,,,,,,,,,,,0.0
419,Q. Tshia,,,,,,,,,,,,,,,,,,,,,,,,,,0.0
420,F. Lemaire,,,,,,,,,,,,,,,,,,,,,,,,,,0.0
421,C. Abbo,,,,,,,,,,,,,,,,,,,,,,,,,,0.0
422,V. Athieno,,,,,,,,,,,,,,,,,,,,,,,,,,0.0
423,L. Kovalenko,,,,,,,,,,,,,,,,,,,,,,,,,,0.0
424,Z. Okon,,,,,,,,,,,,,,,,,,,,,,,,,,0.0
425,C. Rodríguez,,,,,,,,,,,,,,,,,,,,,,,,,,0.0
426,F. Mugide,,,,,,,,,,,,,,,,,,,,,,,,,,0.0
427,K. Nyakudya,,,,,,,,,,,,,,,,,,,,,,,,,,0.0
428,K. Ohayon,,,,,,,,,,,,,,,,,,,,,,,,,,0.0
429,Y. Takeuchi,,,,,,,,,,,,,,,,,,,,,,,,,,0.0
430,E. Pour,,,,,,,,,,,,,,,,,,,,,,,,,,0.0
431,G. Nansamba,,,,,,,,,,,,,,,,,,,,,,,,,,0.0
432,P. Ategeka,,,,,,,,,,,,,,,,,,,,,,,,,,0.0
433,L. Kav?i?,,,,,,,,,,,,,,,,,,,,,,,,,,0.0
434,T. Nakku,,,,,,,,,,,,,,,,,,,,,,,,,,0.0
435,A. Dickson,,,,,,,,,,,,,,,,,,,,,,,,,,0.0
436,C. Denis,,,,,,,,,,,,,,,,,,,,,,,,,,0.0
437,H. Morgan,,,,,,,,,,,,,,,,,,,,,,,,,,0.0
438,E. Nabaasa,,,,,,,,,,,,,,,,,,,,,,,,,,0.0
439,C. Msukwa,,,,,,,,,,,,,,,,,,,,,,,,,,0.0
440,H. Arthur,,,,,,,,,,,,,,,,,,,,,,,,,,0.0
441,P. Naiga,,,,,,,,,,,,,,,,,,,,,,,,,,0.0
442,Z. Testa,,,,,,,,,,,,,,,,,,,,,,,,,,0.0
443,M. Li,,,,,,,,,,,,,,,,,,,,,,,,,,0.0
444,O. Obeng,,,,,,,,,,,,,,,,,,,,,,,,,,0.0
445,E. Maluwa,,,,,,,,,,,,,,,,,,,,,,,,,,0.0
446,J. Nakyanzi,,,,,,,,,,,,,,,,,,,,,,,,,,0.0
447,M. Odong,,,,,,,,,,,,,,,,,,,,,,,,,,0.0
448,N. Ofosu,,,,,,,,,,,,,,,,,,,,,,,,,,0.0
449,Z. bin Zakaria,,,,,,,,,,,,,,,,,,,,,,,,,,0.0
450,N. Barukh,,,,,,,,,,,,,,,,,,,,,,,,,,0.0
451,G. Wahab,,,,,,,,,,,,,,,,,,,,,,,,,,0.0
452,E. Oh,,,,,,,,,,,,,,,,,,,,,,,,,,0.0
453,G. Poulsen,,,,,,,,,,,,,,,,,,,,,,,,,,0.0
454,Q. Tushabe,,,,,,,,,,,,,,,,,,,,,,,,,,0.0
455,D. Domingos,,,,,,,,,,,,,,,,,,,,,,,,,,0.0
456,Q. Fathi,,,,,,,,,,,,,,,,,,,,,,,,,,0.0
457,C. Ndiweni,,,,,,,,,,,,,,,,,,,,,,,,,,0.0
458,P. Acan,,,,,,,,,,,,,,,,,,,,,,,,,,0.0
459,I. Sinani,,,,,,,,,,,,,,,,,,,,,,,,,,0.0
460,L. Herrera,,,,,,,,,,,,,,,,,,,,,,,,,,0.0
461,Q. Okurut,,,,,,,,,,,,,,,,,,,,,,,,,,0.0
462,I. Achom,,,,,,,,,,,,,,,,,,,,,,,,,,0.0
463,M. Kakaire,,,,,,,,,,,,,,,,,,,,,,,,,,0.0
464,K. Molina,,,,,,,,,,,,,,,,,,,,,,,,,,0.0
465,N. Nanziri,,,,,,,,,,,,,,,,,,,,,,,,,,0.0
466,Q. Zimba,,,,,,,,,,,,,,,,,,,,,,,,,,0.0
467,W. Montanari,,,,,,,,,,,,,,,,,,,,,,,,,,0.0
468,X. Mkandawire,,,,,,,,,,,,,,,,,,,,,,,,,,0.0
469,Y. Alzahrani,,,,,,,,,,,,,,,,,,,,,,,,,,0.0
470,X. Kawooya,,,,,,,,,,,,,,,,,,,,,,,,,,0.0
471,C. Van den Berg *,,,,,,,,,,,,,,,,,,,,,,,,,,0.0
472,J. Nahabwe,,,,,,,,,,,,,,,,,,,,,,,,,,0.0
473,K. Kibuuka,,,,,,,,,,,,,,,,,,,,,,,,,,0.0
474,I. Tarigan,,,,,,,,,,,,,,,,,,,,,,,,,,0.0
475,X. Sulaiman,,,,,,,,,,,,,,,,,,,,,,,,,,0.0
476,P. Turyatunga,,,,,,,,,,,,,,,,,,,,,,,,,,0.0
477,L. Namande,,,,,,,,,,,,,,,,,,,,,,,,,,0.0
478,C. Horvat,,,,,,,,,,,,,,,,,,,,,,,,,,0.0
479,Z. Tanaka,,,,,,,,,,,,,,,,,,,,,,,,,,0.0
480,U. Kajumba,,,,,,,,,,,,,,,,,,,,,,,,,,0.0
481,I. Nakityo,,,,,,,,,,,,,,,,,,,,,,,,,,0.0
482,K. Shumba,,,,,,,,,,,,,,,,,,,,,,,,,,0.0
483,T. binti Osman,,,,,,,,,,,,,,,,,,,,,,,,,,0.0
484,U. Selima,,,,,,,,,,,,,,,,,,,,,,,,,,0.0
485,R. Sanz,,,,,,,,,,,,,,,,,,,,,,,,,,0.0
486,X. Pavlovi?,,,,,,,,,,,,,,,,,,,,,,,,,,0.0
487,D. Nabbosa,,,,,,,,,,,,,,,,,,,,,,,,,,0.0
488,Q. Yadav,,,,,,,,,,,,,,,,,,,,,,,,,,0.0
489,J. Kondowe,,,,,,,,,,,,,,,,,,,,,,,,,,0.0
490,Z. Braun,,,,,,,,,,,,,,,,,,,,,,,,,,0.0
491,B. Umaru,,,,,,,,,,,,,,,,,,,,,,,,,,0.0
492,F. Santana,,,,,,,,,,,,,,,,,,,,,,,,,,0.0
493,T. Dietrich,,,,,,,,,,,,,,,,,,,,,,,,,,0.0
494,D. Mészáros,,,,,,,,,,,,,,,,,,,,,,,,,,0.0
495,N. Suryani,,,,,,,,,,,,,,,,,,,,,,,,,,0.0
496,F. Mawa,,,,,,,,,,,,,,,,,,,,,,,,,,0.0
497,W. Okeke,,,,,,,,,,,,,,,,,,,,,,,,,,0.0
498,M. Nakkazi,,,,,,,,,,,,,,,,,,,,,,,,,,0.0
499,D. Wahyudi,,,,,,,,,,,,,,,,,,,,,,,,,,0.0
500,I. Khalili,,,,,,,,,,,,,,,,,,,,,,,,,,0.0
501,P. Takahashi,,,,,,,,,,,,,,,,,,,,,,,,,,0.0
502,G. Onencan,,,,,,,,,,,,,,,,,,,,,,,,,,0.0
503,D. Musimenta,,,,,,,,,,,,,,,,,,,,,,,,,,0.0
504,D. Steiner,,,,,,,,,,,,,,,,,,,,,,,,,,0.0
505,M. Dufour,,,,,,,,,,,,,,,,,,,,,,,,,,0.0
506,N. Kiss,,,,,,,,,,,,,,,,,,,,,,,,,,0.0
507,E. Byekwaso,,,,,,,,,,,,,,,,,,,,,,,,,,0.0
508,K. De Angelis,,,,,,,,,,,,,,,,,,,,,,,,,,0.0
509,A. Soltani,,,,,,,,,,,,,,,,,,,,,,,,,,0.0
510,A. Blanchard,,,,,,,,,,,,,,,,,,,,,,,,,,0.0
511,A. Mwesigwa,,,,,,,,,,,,,,,,,,,,,,,,,,0.0
512,U. Tweheyo,,,,,,,,,,,,,,,,,,,,,,,,,,0.0
513,H. Nandawula,,,,,,,,,,,,,,,,,,,,,,,,,,0.0
514,I. Nakato,,,,,,,,,,,,,,,,,,,,,,,,,,0.0
515,B. Sabano,,,,,,,,,,,,,,,,,,,,,,,,,,0.0
516,C. Kyaligonza,,,,,,,,,,,,,,,,,,,,,,,,,,0.0
517,D. Hsu,,,,,,,,,,,,,,,,,,,,,,,,,,0.0
518,S. Kyobutungi,,,,,,,,,,,,,,,,,,,,,,,,,,0.0
519,U. Kasande,,,,,,,,,,,,,,,,,,,,,,,,,,0.0
520,X. Kurnia,,,,,,,,,,,,,,,,,,,,,,,,,,0.0
521,Y. Iwasaki,,,,,,,,,,,,,,,,,,,,,,,,,,0.0
522,Z. Chipeta,,,,,,,,,,,,,,,,,,,,,,,,,,0.0
523,Z. Nicolas,,,,,,,,,,,,,,,,,,,,,,,,,,0.0
524,I. Öztürk,,,,,,,,,,,,,,,,,,,,,,,,,,0.0
525,I. Ssentongo,,,,,,,,,,,,,,,,,,,,,,,,,,0.0
526,A. Nantege,,,,,,,,,,,,,,,,,,,,,,,,,,0.0
527,A. Akoth,,,,,,,,,,,,,,,,,,,,,,,,,,0.0
528,D. Jansson,,,,,,,,,,,,,,,,,,,,,,,,,,0.0
529,U. Tuhaise,,,,,,,,,,,,,,,,,,,,,,,,,,0.0
530,X. Phiri,,,,,,,,,,,,,,,,,,,,,,,,,,0.0
531,U. Kyoshabire,,,,,,,,,,,,,,,,,,,,,,,,,,0.0
532,F. Baguma,,,,,,,,,,,,,,,,,,,,,,,,,,0.0
533,B. Klemen?i?,,,,,,,,,,,,,,,,,,,,,,,,,,0.0
534,B. Mangwiro,,,,,,,,,,,,,,,,,,,,,,,,,,0.0
535,L. Mitchell,,,,,,,,,,,,,,,,,,,,,,,,,,0.0
536,T. Kowalski,,,,,,,,,,,,,,,,,,,,,,,,,,0.0
537,Z. Nassolo,,,,,,,,,,,,,,,,,,,,,,,,,,0.0
538,M. Schwartz,,,,,,,,,,,,,,,,,,,,,,,,,,0.0
539,G. Tamm,,,,,,,,,,,,,,,,,,,,,,,,,,0.0
540,V. Inoue,,,,,,,,,,,,,,,,,,,,,,,,,,0.0
541,D. Mirembe,,,,,,,,,,,,,,,,,,,,,,,,,,0.0
542,O. Kyomukama,,,,,,,,,,,,,,,,,,,,,,,,,,0.0
543,F. Mutandwa,,,,,,,,,,,,,,,,,,,,,,,,,,0.0
544,R. Magaya,,,,,,,,,,,,,,,,,,,,,,,,,,0.0
545,W. Longwe,,,,,,,,,,,,,,,,,,,,,,,,,,0.0
546,K. Marufu,,,,,,,,,,,,,,,,,,,,,,,,,,0.0
547,B. Abalo,,,,,,,,,,,,,,,,,,,,,,,,,,0.0
548,F. Asare,,,,,,,,,,,,,,,,,,,,,,,,,,0.0
549,J. Namale,,,,,,,,,,,,,,,,,,,,,,,,,,0.0
550,Y. Romano,,,,,,,,,,,,,,,,,,,,,,,,,,0.0
551,D. Amongi,,,,,,,,,,,,,,,,,,,,,,,,,,0.0
552,J. Anguko,,,,,,,,,,,,,,,,,,,,,,,,,,0.0
553,Q. Khumalo,,,,,,,,,,,,,,,,,,,,,,,,,,0.0
554,H. Marroquín,,,,,,,,,,,,,,,,,,,,,,,,,,0.0
555,S. Sabano,,,,,,,,,,,,,,,,,,,,,,,,,,0.0
556,A. Aceng,,,,,,,,,,,,,,,,,,,,,,,,,,0.0
557,C. Namugga,,,,,,,,,,,,,,,,,,,,,,,,,,0.0
558,H. Weber,,,,,,,,,,,,,,,,,,,,,,,,,,0.0
559,J. Okullo,,,,,,,,,,,,,,,,,,,,,,,,,,0.0
560,A. Al-Ghamdi,,,,,,,,,,,,,,,,,,,,,,,,,,0.0
561,L. Oroma,,,,,,,,,,,,,,,,,,,,,,,,,,0.0
562,T. Mlalazi,,,,,,,,,,,,,,,,,,,,,,,,,,0.0
563,D. Nabutono,,,,,,,,,,,,,,,,,,,,,,,,,,0.0
564,H. Asaba,,,,,,,,,,,,,,,,,,,,,,,,,,0.0
565,O. Sánchez,,,,,,,,,,,,,,,,,,,,,,,,,,0.0
566,Z. Möller,,,,,,,,,,,,,,,,,,,,,,,,,,0.0
567,F. Schäfer,,,,,,,,,,,,,,,,,,,,,,,,,,0.0
568,U. Colin,,,,,,,,,,,,,,,,,,,,,,,,,,0.0
569,A. Chelimo,,,,,,,,,,,,,,,,,,,,,,,,,,0.0
570,W. Aubert,,,,,,,,,,,,,,,,,,,,,,,,,,0.0
571,T. Hermawan,,,,,,,,,,,,,,,,,,,,,,,,,,0.0
572,U. Adjei,,,,,,,,,,,,,,,,,,,,,,,,,,0.0
573,H. Yong,,,,,,,,,,,,,,,,,,,,,,,,,,0.0
574,Y. Thungu,,,,,,,,,,,,,,,,,,,,,,,,,,0.0
575,K. Amoit,,,,,,,,,,,,,,,,,,,,,,,,,,0.0
576,R. Zamani,,,,,,,,,,,,,,,,,,,,,,,,,,0.0
577,E. Hor,,,,,,,,,,,,,,,,,,,,,,,,,,0.0
578,S. Jalali,,,,,,,,,,,,,,,,,,,,,,,,,,0.0
579,W. Zarei,,,,,,,,,,,,,,,,,,,,,,,,,,0.0
580,I. Diallo,,,,,,,,,,,,,,,,,,,,,,,,,,0.0
581,E. Musisi,,,,,,,,,,,,,,,,,,,,,,,,,,0.0
582,M. Addai,,,,,,,,,,,,,,,,,,,,,,,,,,0.0
583,X. Nyaketcho,,,,,,,,,,,,,,,,,,,,,,,,,,0.0
584,C. Byrne,,,,,,,,,,,,,,,,,,,,,,,,,,0.0
585,L. Mensah,,,,,,,,,,,,,,,,,,,,,,,,,,0.0
586,W. Chue,,,,,,,,,,,,,,,,,,,,,,,,,,0.0
587,B. Nambuya,,,,,,,,,,,,,,,,,,,,,,,,,,0.0
588,H. Jaber,,,,,,,,,,,,,,,,,,,,,,,,,,0.0
589,G. Oduro,,,,,,,,,,,,,,,,,,,,,,,,,,0.0
590,V. Roger,,,,,,,,,,,,,,,,,,,,,,,,,,0.0
591,I. Romano,,,,,,,,,,,,,,,,,,,,,,,,,,0.0
592,D. Ortíz,,,,,,,,,,,,,,,,,,,,,,,,,,0.0
593,Z. Vilanculos,,,,,,,,,,,,,,,,,,,,,,,,,,0.0
594,N. Almeida,,,,,,,,,,,,,,,,,,,,,,,,,,0.0
595,S. Musoki,,,,,,,,,,,,,,,,,,,,,,,,,,0.0
596,D. Brunner,,,,,,,,,,,,,,,,,,,,,,,,,,0.0
597,I. Leibowitz,,,,,,,,,,,,,,,,,,,,,,,,,,0.0
598,K. Y?ld?z,,,,,,,,,,,,,,,,,,,,,,,,,,0.0
599,C. Musubika,,,,,,,,,,,,,,,,,,,,,,,,,,0.0
600,A. Nekesa,,,,,,,,,,,,,,,,,,,,,,,,,,0.0
601,H. Arab,,,,,,,,,,,,,,,,,,,,,,,,,,0.0
602,L. Kyambadde,,,,,,,,,,,,,,,,,,,,,,,,,,0.0
603,O. Rácz,,,,,,,,,,,,,,,,,,,,,,,,,,0.0
604,S. Ningsih,,,,,,,,,,,,,,,,,,,,,,,,,,0.0
605,A. Zulu,,,,,,,,,,,,,,,,,,,,,,,,,,0.0
606,B. Teh,,,,,,,,,,,,,,,,,,,,,,,,,,0.0
607,X. Tambala,,,,,,,,,,,,,,,,,,,,,,,,,,0.0
608,F. Rácz,,,,,,,,,,,,,,,,,,,,,,,,,,0.0
609,P. Narvaez,,,,,,,,,,,,,,,,,,,,,,,,,,0.0
610,G. Miyasaki,,,,,,,,,,,,,,,,,,,,,,,,,,0.0
611,E. Manhica,,,,,,,,,,,,,,,,,,,,,,,,,,0.0
612,X. Ssenyonjo,,,,,,,,,,,,,,,,,,,,,,,,,,0.0
613,H. Young,,,,,,,,,,,,,,,,,,,,,,,,,,0.0
614,I. Janssens,,,,,,,,,,,,,,,,,,,,,,,,,,0.0
615,J. Otoo,,,,,,,,,,,,,,,,,,,,,,,,,,0.0
616,O. Ahamad,,,,,,,,,,,,,,,,,,,,,,,,,,0.0
617,T. Okoro,,,,,,,,,,,,,,,,,,,,,,,,,,0.0
618,W. Ongom,,,,,,,,,,,,,,,,,,,,,,,,,,0.0
619,E. Wabwire,,,,,,,,,,,,,,,,,,,,,,,,,,0.0
620,Q. Chunga,,,,,,,,,,,,,,,,,,,,,,,,,,0.0
621,S. Owor,,,,,,,,,,,,,,,,,,,,,,,,,,0.0
622,S. Barry,,,,,,,,,,,,,,,,,,,,,,,,,,0.0
623,K. bin Abu Bakar,,,,,,,,,,,,,,,,,,,,,,,,,,0.0
624,X. Boyko,,,,,,,,,,,,,,,,,,,,,,,,,,0.0
625,Z. Chavula,,,,,,,,,,,,,,,,,,,,,,,,,,0.0
626,B. Colin,,,,,,,,,,,,,,,,,,,,,,,,,,0.0
627,X. Williams,,,,,,,,,,,,,,,,,,,,,,,,,,0.0
628,H. Zare,,,,,,,,,,,,,,,,,,,,,,,,,,0.0
629,I. Gashi,,,,,,,,,,,,,,,,,,,,,,,,,,0.0
630,M. Ayebazibwe,,,,,,,,,,,,,,,,,,,,,,,,,,0.0
631,L. Schubert,,,,,,,,,,,,,,,,,,,,,,,,,,0.0
632,W. Joao,,,,,,,,,,,,,,,,,,,,,,,,,,0.0
633,N. Cudjoe,,,,,,,,,,,,,,,,,,,,,,,,,,0.0
634,L. Achen,,,,,,,,,,,,,,,,,,,,,,,,,,0.0
635,Z. Krajnc,,,,,,,,,,,,,,,,,,,,,,,,,,0.0
636,L. Yulianti,,,,,,,,,,,,,,,,,,,,,,,,,,0.0
637,O. Gamal,,,,,,,,,,,,,,,,,,,,,,,,,,0.0
638,R. Bogere,,,,,,,,,,,,,,,,,,,,,,,,,,0.0
639,S. Nayiga,,,,,,,,,,,,,,,,,,,,,,,,,,0.0
640,A. Ansah,,,,,,,,,,,,,,,,,,,,,,,,,,0.0
641,Y. Smit,,,,,,,,,,,,,,,,,,,,,,,,,,0.0
642,V. Rocha,,,,,,,,,,,,,,,,,,,,,,,,,,0.0
643,P. Mlotshwa,,,,,,,,,,,,,,,,,,,,,,,,,,0.0
644,W. Katamba,,,,,,,,,,,,,,,,,,,,,,,,,,0.0
645,E. Mugoya,,,,,,,,,,,,,,,,,,,,,,,,,,0.0
646,H. Bhebhe,,,,,,,,,,,,,,,,,,,,,,,,,,0.0
647,W. Namukose,,,,,,,,,,,,,,,,,,,,,,,,,,0.0
648,G. Matsika,,,,,,,,,,,,,,,,,,,,,,,,,,0.0
649,W. Aciro,,,,,,,,,,,,,,,,,,,,,,,,,,0.0
650,G. Ribeiro,,,,,,,,,,,,,,,,,,,,,,,,,,0.0
651,N. Mushabe,,,,,,,,,,,,,,,,,,,,,,,,,,0.0
652,B. Angella,,,,,,,,,,,,,,,,,,,,,,,,,,0.0
653,M. Wu,,,,,,,,,,,,,,,,,,,,,,,,,,0.0
654,E. Bošnjak,,,,,,,,,,,,,,,,,,,,,,,,,,0.0
655,G. Neumbe,,,,,,,,,,,,,,,,,,,,,,,,,,0.0
656,K. Nanyondo,,,,,,,,,,,,,,,,,,,,,,,,,,0.0
657,K. Othman,,,,,,,,,,,,,,,,,,,,,,,,,,0.0
658,M. Namusisi,,,,,,,,,,,,,,,,,,,,,,,,,,0.0
659,R. Arineitwe,,,,,,,,,,,,,,,,,,,,,,,,,,0.0
660,U. Lomongin,,,,,,,,,,,,,,,,,,,,,,,,,,0.0
661,M. Ogbonna,,,,,,,,,,,,,,,,,,,,,,,,,,0.0
662,A. Marchenko,,,,,,,,,,,,,,,,,,,,,,,,,,0.0
663,A. Radu,,,,,,,,,,,,,,,,,,,,,,,,,,0.0
664,W. Hamad,,,,,,,,,,,,,,,,,,,,,,,,,,0.0
665,D. Kos,,,,,,,,,,,,,,,,,,,,,,,,,,0.0
666,E. Ghosh,,,,,,,,,,,,,,,,,,,,,,,,,,0.0
667,E. Németh,,,,,,,,,,,,,,,,,,,,,,,,,,0.0
668,H. Kabugho,,,,,,,,,,,,,,,,,,,,,,,,,,0.0
669,Q. Krasniqi,,,,,,,,,,,,,,,,,,,,,,,,,,0.0
670,R. Arineitwe,,,,,,,,,,,,,,,,,,,,,,,,,,0.0
671,T. Moretti,,,,,,,,,,,,,,,,,,,,,,,,,,0.0
672,Y. Oppong,,,,,,,,,,,,,,,,,,,,,,,,,,0.0
673,M. Atuhaire,,,,,,,,,,,,,,,,,,,,,,,,,,0.0
674,K. Nanyondo,,,,,,,,,,,,,,,,,,,,,,,,,,0.0
675,Q. Juhász,,,,,,,,,,,,,,,,,,,,,,,,,,0.0
676,L. Yusof,,,,,,,,,,,,,,,,,,,,,,,,,,0.0
677,D. Adu,,,,,,,,,,,,,,,,,,,,,,,,,,0.0
678,B. binti Othman,,,,,,,,,,,,,,,,,,,,,,,,,,0.0
679,N. Alum,,,,,,,,,,,,,,,,,,,,,,,,,,0.0
680,A. Cheang,,,,,,,,,,,,,,,,,,,,,,,,,,0.0
681,X. Kho,,,,,,,,,,,,,,,,,,,,,,,,,,0.0
682,J. Atala,,,,,,,,,,,,,,,,,,,,,,,,,,0.0
683,C. Kirungi,,,,,,,,,,,,,,,,,,,,,,,,,,0.0
684,C. Manjhi,,,,,,,,,,,,,,,,,,,,,,,,,,0.0
685,K. Mwanje,,,,,,,,,,,,,,,,,,,,,,,,,,0.0
686,R. Ueta,,,,,,,,,,,,,,,,,,,,,,,,,,0.0
687,U. Morales,,,,,,,,,,,,,,,,,,,,,,,,,,0.0
688,Y. Opio,,,,,,,,,,,,,,,,,,,,,,,,,,0.0
689,R. Rossi,,,,,,,,,,,,,,,,,,,,,,,,,,0.0
690,J. Laurent,,,,,,,,,,,,,,,,,,,,,,,,,,0.0
691,D. Amoako,,,,,,,,,,,,,,,,,,,,,,,,,,0.0
692,F. Farkas,,,,,,,,,,,,,,,,,,,,,,,,,,0.0
693,D. Muwonge,,,,,,,,,,,,,,,,,,,,,,,,,,0.0
694,X. Denis,,,,,,,,,,,,,,,,,,,,,,,,,,0.0
695,Z. Longole,,,,,,,,,,,,,,,,,,,,,,,,,,0.0
696,C. Obi,,,,,,,,,,,,,,,,,,,,,,,,,,0.0
697,P. Natukunda,,,,,,,,,,,,,,,,,,,,,,,,,,0.0
698,C. Malkah,,,,,,,,,,,,,,,,,,,,,,,,,,0.0
699,N. Singh,,,,,,,,,,,,,,,,,,,,,,,,,,0.0
700,C. Adong,,,,,,,,,,,,,,,,,,,,,,,,,,0.0
701,C. Moser,,,,,,,,,,,,,,,,,,,,,,,,,,0.0
702,D. Henriksen,,,,,,,,,,,,,,,,,,,,,,,,,,0.0
703,I. Amviko,,,,,,,,,,,,,,,,,,,,,,,,,,0.0
704,U. Krause,,,,,,,,,,,,,,,,,,,,,,,,,,0.0
705,H. Korošec,,,,,,,,,,,,,,,,,,,,,,,,,,0.0
706,D. Biribawa,,,,,,,,,,,,,,,,,,,,,,,,,,0.0
707,O. Nanyanzi,,,,,,,,,,,,,,,,,,,,,,,,,,0.0
708,Y. Gashi,,,,,,,,,,,,,,,,,,,,,,,,,,0.0
709,I. Mutabazi,,,,,,,,,,,,,,,,,,,,,,,,,,0.0
710,L. Chiu,,,,,,,,,,,,,,,,,,,,,,,,,,0.0
711,D. Shuaibu,,,,,,,,,,,,,,,,,,,,,,,,,,0.0
712,W. Ly,,,,,,,,,,,,,,,,,,,,,,,,,,0.0
713,E. De Luca,,,,,,,,,,,,,,,,,,,,,,,,,,0.0
714,J. Neo,,,,,,,,,,,,,,,,,,,,,,,,,,0.0
715,M. Angom,,,,,,,,,,,,,,,,,,,,,,,,,,0.0
716,Q. Atiku,,,,,,,,,,,,,,,,,,,,,,,,,,0.0
717,S. Lutaaya,,,,,,,,,,,,,,,,,,,,,,,,,,0.0
718,B. Van der Meer,,,,,,,,,,,,,,,,,,,,,,,,,,0.0
719,J. Fukuda,,,,,,,,,,,,,,,,,,,,,,,,,,0.0
720,D. Balázs,,,,,,,,,,,,,,,,,,,,,,,,,,0.0
721,A. Davies,,,,,,,,,,,,,,,,,,,,,,,,,,0.0
722,D. Saleh,,,,,,,,,,,,,,,,,,,,,,,,,,0.0
723,I. Franke,,,,,,,,,,,,,,,,,,,,,,,,,,0.0
724,L. Fuchs,,,,,,,,,,,,,,,,,,,,,,,,,,0.0
725,M. Rashid,,,,,,,,,,,,,,,,,,,,,,,,,,0.0
726,O. Mudzingwa,,,,,,,,,,,,,,,,,,,,,,,,,,0.0
727,D. Caruso,,,,,,,,,,,,,,,,,,,,,,,,,,0.0
728,W. Alghamdi,,,,,,,,,,,,,,,,,,,,,,,,,,0.0
729,D. Soliman,,,,,,,,,,,,,,,,,,,,,,,,,,0.0
730,J. Riyadi,,,,,,,,,,,,,,,,,,,,,,,,,,0.0
731,T. Ferrari,,,,,,,,,,,,,,,,,,,,,,,,,,0.0
732,W. Rusu,,,,,,,,,,,,,,,,,,,,,,,,,,0.0
733,F. Okon,,,,,,,,,,,,,,,,,,,,,,,,,,0.0
734,G. De Groot,,,,,,,,,,,,,,,,,,,,,,,,,,0.0
735,P. Sanyu,,,,,,,,,,,,,,,,,,,,,,,,,,0.0
736,Q. Cheong,,,,,,,,,,,,,,,,,,,,,,,,,,0.0
737,A. Ainomugisha,,,,,,,,,,,,,,,,,,,,,,,,,,0.0
738,C. Mirkovi?,,,,,,,,,,,,,,,,,,,,,,,,,,0.0
739,I. Wenene,,,,,,,,,,,,,,,,,,,,,,,,,,0.0
740,G. Efendi,,,,,,,,,,,,,,,,,,,,,,,,,,0.0
741,J. Bahri,,,,,,,,,,,,,,,,,,,,,,,,,,0.0
742,Q. Sumarni,,,,,,,,,,,,,,,,,,,,,,,,,,0.0
743,Y. Vitali,,,,,,,,,,,,,,,,,,,,,,,,,,0.0
744,Z. Delemovi?,,,,,,,,,,,,,,,,,,,,,,,,,,0.0
745,J. Nanziri,,,,,,,,,,,,,,,,,,,,,,,,,,0.0
746,N. Muhammadu,,,,,,,,,,,,,,,,,,,,,,,,,,0.0
747,I. Greenberg,,,,,,,,,,,,,,,,,,,,,,,,,,0.0
748,D. Onzia,,,,,,,,,,,,,,,,,,,,,,,,,,0.0
749,K. Shibata,,,,,,,,,,,,,,,,,,,,,,,,,,0.0
750,L. Sayed,,,,,,,,,,,,,,,,,,,,,,,,,,0.0
751,F. Nanfuka,,,,,,,,,,,,,,,,,,,,,,,,,,0.0
752,W. Fernando,,,,,,,,,,,,,,,,,,,,,,,,,,0.0
753,K. Supriadi,,,,,,,,,,,,,,,,,,,,,,,,,,0.0
754,J. Manu,,,,,,,,,,,,,,,,,,,,,,,,,,0.0
755,C. Alanazi,,,,,,,,,,,,,,,,,,,,,,,,,,0.0
756,L. Bekher,,,,,,,,,,,,,,,,,,,,,,,,,,0.0
757,Q. Henriksen,,,,,,,,,,,,,,,,,,,,,,,,,,0.0
758,T. Bhebhe,,,,,,,,,,,,,,,,,,,,,,,,,,0.0
759,H. Hansen,,,,,,,,,,,,,,,,,,,,,,,,,,0.0
760,B. Y?lmaz,,,,,,,,,,,,,,,,,,,,,,,,,,0.0
761,O. Andoh,,,,,,,,,,,,,,,,,,,,,,,,,,0.0
762,E. Atim,,,,,,,,,,,,,,,,,,,,,,,,,,0.0
763,F. Yusuf,,,,,,,,,,,,,,,,,,,,,,,,,,0.0
764,G. Muzamba,,,,,,,,,,,,,,,,,,,,,,,,,,0.0
765,L. Vanags,,,,,,,,,,,,,,,,,,,,,,,,,,0.0
766,M. Namiiro,,,,,,,,,,,,,,,,,,,,,,,,,,0.0
767,O. Ahamad,,,,,,,,,,,,,,,,,,,,,,,,,,0.0
768,V. Macuacua,,,,,,,,,,,,,,,,,,,,,,,,,,0.0
769,B. Mayer,,,,,,,,,,,,,,,,,,,,,,,,,,0.0
770,E. Kiyingi,,,,,,,,,,,,,,,,,,,,,,,,,,0.0
771,F. Odaga,,,,,,,,,,,,,,,,,,,,,,,,,,0.0
772,V. Lahtinen,,,,,,,,,,,,,,,,,,,,,,,,,,0.0
773,W. Nakato,,,,,,,,,,,,,,,,,,,,,,,,,,0.0
774,C. Grassi,,,,,,,,,,,,,,,,,,,,,,,,,,0.0
775,I. Chawinga,,,,,,,,,,,,,,,,,,,,,,,,,,0.0
776,E. Poto?nik,,,,,,,,,,,,,,,,,,,,,,,,,,0.0
777,G. Omirambe,,,,,,,,,,,,,,,,,,,,,,,,,,0.0
778,Q. Abo,,,,,,,,,,,,,,,,,,,,,,,,,,0.0
779,C. Haas,,,,,,,,,,,,,,,,,,,,,,,,,,0.0
780,Y. Rodriguez,,,,,,,,,,,,,,,,,,,,,,,,,,0.0
781,Z. Kiirya,,,,,,,,,,,,,,,,,,,,,,,,,,0.0
782,F. Hang,,,,,,,,,,,,,,,,,,,,,,,,,,0.0
783,U. Mayer,,,,,,,,,,,,,,,,,,,,,,,,,,0.0
784,B. Maruyama,,,,,,,,,,,,,,,,,,,,,,,,,,0.0
785,I. Franke,,,,,,,,,,,,,,,,,,,,,,,,,,0.0
786,I. Paswan,,,,,,,,,,,,,,,,,,,,,,,,,,0.0
787,P. Mlotshwa,,,,,,,,,,,,,,,,,,,,,,,,,,0.0
788,H. Olowo,,,,,,,,,,,,,,,,,,,,,,,,,,0.0
789,S. Candiru,,,,,,,,,,,,,,,,,,,,,,,,,,0.0
790,O. Mapfumo,,,,,,,,,,,,,,,,,,,,,,,,,,0.0
791,I. Gumede,,,,,,,,,,,,,,,,,,,,,,,,,,0.0
792,Z. Wu,,,,,,,,,,,,,,,,,,,,,,,,,,0.0
793,R. Ishii,,,,,,,,,,,,,,,,,,,,,,,,,,0.0
794,H. Francisco,,,,,,,,,,,,,,,,,,,,,,,,,,0.0
795,D. Amanyire,,,,,,,,,,,,,,,,,,,,,,,,,,0.0
796,P. Tzur,,,,,,,,,,,,,,,,,,,,,,,,,,0.0
797,S. Kamoga,,,,,,,,,,,,,,,,,,,,,,,,,,0.0
798,W. Ongom,,,,,,,,,,,,,,,,,,,,,,,,,,0.0
799,R. Kato,,,,,,,,,,,,,,,,,,,,,,,,,,0.0
800,J. Mubangizi,,,,,,,,,,,,,,,,,,,,,,,,,,0.0
801,V. Kaneko,,,,,,,,,,,,,,,,,,,,,,,,,,0.0
802,S. Sanchez,,,,,,,,,,,,,,,,,,,,,,,,,,0.0
803,D. Namayanja,,,,,,,,,,,,,,,,,,,,,,,,,,0.0
804,U. Mansour,,,,,,,,,,,,,,,,,,,,,,,,,,0.0
805,M. Sinh,,,,,,,,,,,,,,,,,,,,,,,,,,0.0
806,T. Candia,,,,,,,,,,,,,,,,,,,,,,,,,,0.0
807,L. Schmid,,,,,,,,,,,,,,,,,,,,,,,,,,0.0
808,S. Katooko,,,,,,,,,,,,,,,,,,,,,,,,,,0.0
809,X. Nakong,,,,,,,,,,,,,,,,,,,,,,,,,,0.0
810,R. Uchida,,,,,,,,,,,,,,,,,,,,,,,,,,0.0
811,Y. Machava,,,,,,,,,,,,,,,,,,,,,,,,,,0.0
812,Y. Twinomugisha,,,,,,,,,,,,,,,,,,,,,,,,,,0.0
813,F. Tamura,,,,,,,,,,,,,,,,,,,,,,,,,,0.0
814,H. Choo,,,,,,,,,,,,,,,,,,,,,,,,,,0.0
815,H. Pour,,,,,,,,,,,,,,,,,,,,,,,,,,0.0
816,K. Krisensen,,,,,,,,,,,,,,,,,,,,,,,,,,0.0
817,S. Sørensen,,,,,,,,,,,,,,,,,,,,,,,,,,0.0
818,L. Olupot,,,,,,,,,,,,,,,,,,,,,,,,,,0.0
819,J. Asiimwe,,,,,,,,,,,,,,,,,,,,,,,,,,0.0
820,G. Sackey,,,,,,,,,,,,,,,,,,,,,,,,,,0.0
821,K. Harada,,,,,,,,,,,,,,,,,,,,,,,,,,0.0
822,C. Sulaiman,,,,,,,,,,,,,,,,,,,,,,,,,,0.0
823,H. Jansson,,,,,,,,,,,,,,,,,,,,,,,,,,0.0
824,B. Taheri,,,,,,,,,,,,,,,,,,,,,,,,,,0.0
825,K. Eder,,,,,,,,,,,,,,,,,,,,,,,,,,0.0
826,A. Barbieri,,,,,,,,,,,,,,,,,,,,,,,,,,0.0
827,D. Siregar,,,,,,,,,,,,,,,,,,,,,,,,,,0.0
828,K. Candia,,,,,,,,,,,,,,,,,,,,,,,,,,0.0
829,L. Ricci,,,,,,,,,,,,,,,,,,,,,,,,,,0.0
830,M. Paterson,,,,,,,,,,,,,,,,,,,,,,,,,,0.0
831,O. Oketcho,,,,,,,,,,,,,,,,,,,,,,,,,,0.0
832,V. Mugala,,,,,,,,,,,,,,,,,,,,,,,,,,0.0
833,O. Gatti,,,,,,,,,,,,,,,,,,,,,,,,,,0.0
834,D. Magala,,,,,,,,,,,,,,,,,,,,,,,,,,0.0
835,C. Negri,,,,,,,,,,,,,,,,,,,,,,,,,,0.0
836,G. Syu,,,,,,,,,,,,,,,,,,,,,,,,,,0.0
837,C. Emmanuel,,,,,,,,,,,,,,,,,,,,,,,,,,0.0
838,C. Roux,,,,,,,,,,,,,,,,,,,,,,,,,,0.0
839,D. Ngo,,,,,,,,,,,,,,,,,,,,,,,,,,0.0
840,H. Shuaibu,,,,,,,,,,,,,,,,,,,,,,,,,,0.0
841,I. Niwamanya,,,,,,,,,,,,,,,,,,,,,,,,,,0.0
842,K. Awuah,,,,,,,,,,,,,,,,,,,,,,,,,,0.0
843,O. Mohammad,,,,,,,,,,,,,,,,,,,,,,,,,,0.0
844,P. Hassan,,,,,,,,,,,,,,,,,,,,,,,,,,0.0
845,K. Kastelic,,,,,,,,,,,,,,,,,,,,,,,,,,0.0
846,N. Turyasingura,,,,,,,,,,,,,,,,,,,,,,,,,,0.0
847,V. Abu,,,,,,,,,,,,,,,,,,,,,,,,,,0.0
848,J. Ayebare,,,,,,,,,,,,,,,,,,,,,,,,,,0.0
849,L. Wilson,,,,,,,,,,,,,,,,,,,,,,,,,,0.0
850,M. Takata,,,,,,,,,,,,,,,,,,,,,,,,,,0.0
851,A. Nilsen,,,,,,,,,,,,,,,,,,,,,,,,,,0.0
852,V. Nazziwa,,,,,,,,,,,,,,,,,,,,,,,,,,0.0
853,Y. Ssentongo,,,,,,,,,,,,,,,,,,,,,,,,,,0.0
854,Z. Acidri,,,,,,,,,,,,,,,,,,,,,,,,,,0.0
855,U. Roussel,,,,,,,,,,,,,,,,,,,,,,,,,,0.0
856,I. Hsieh,,,,,,,,,,,,,,,,,,,,,,,,,,0.0
857,P. Peh,,,,,,,,,,,,,,,,,,,,,,,,,,0.0
858,H. Gaillard,,,,,,,,,,,,,,,,,,,,,,,,,,0.0
859,G. Katumba,,,,,,,,,,,,,,,,,,,,,,,,,,0.0
860,D. Egger,,,,,,,,,,,,,,,,,,,,,,,,,,0.0
861,J. Zacarias,,,,,,,,,,,,,,,,,,,,,,,,,,0.0
862,N. Nassiri,,,,,,,,,,,,,,,,,,,,,,,,,,0.0
863,K. Moshe,,,,,,,,,,,,,,,,,,,,,,,,,,0.0
864,V. Caputo,,,,,,,,,,,,,,,,,,,,,,,,,,0.0
865,J. Ko,,,,,,,,,,,,,,,,,,,,,,,,,,0.0
866,W. Iddrisu,,,,,,,,,,,,,,,,,,,,,,,,,,0.0
867,O. Balog,,,,,,,,,,,,,,,,,,,,,,,,,,0.0
868,H. Chevalier,,,,,,,,,,,,,,,,,,,,,,,,,,0.0
869,G. Nalwoga,,,,,,,,,,,,,,,,,,,,,,,,,,0.0
870,R. Khonje,,,,,,,,,,,,,,,,,,,,,,,,,,0.0
871,D. Kau,,,,,,,,,,,,,,,,,,,,,,,,,,0.0
872,M. Braun,,,,,,,,,,,,,,,,,,,,,,,,,,0.0
873,R. Kukk,,,,,,,,,,,,,,,,,,,,,,,,,,0.0
874,G. Kiggundu,,,,,,,,,,,,,,,,,,,,,,,,,,0.0
875,Y. Zgambo,,,,,,,,,,,,,,,,,,,,,,,,,,0.0
876,L. Sayed,,,,,,,,,,,,,,,,,,,,,,,,,,0.0
877,E. Kovács,,,,,,,,,,,,,,,,,,,,,,,,,,0.0
878,G. Kalyango,,,,,,,,,,,,,,,,,,,,,,,,,,0.0
879,K. Mahmood,,,,,,,,,,,,,,,,,,,,,,,,,,0.0
880,L. Blanc,,,,,,,,,,,,,,,,,,,,,,,,,,0.0
881,N. Jørgensen,,,,,,,,,,,,,,,,,,,,,,,,,,0.0
882,O. Okamoto,,,,,,,,,,,,,,,,,,,,,,,,,,0.0
883,C. Nakitto,,,,,,,,,,,,,,,,,,,,,,,,,,0.0
884,D. Hara,,,,,,,,,,,,,,,,,,,,,,,,,,0.0
885,G. Leone,,,,,,,,,,,,,,,,,,,,,,,,,,0.0
886,H. Lo,,,,,,,,,,,,,,,,,,,,,,,,,,0.0
887,I. Tng,,,,,,,,,,,,,,,,,,,,,,,,,,0.0
888,L. Adikini,,,,,,,,,,,,,,,,,,,,,,,,,,0.0
889,P. Halvorsen,,,,,,,,,,,,,,,,,,,,,,,,,,0.0
890,R. Orlando,,,,,,,,,,,,,,,,,,,,,,,,,,0.0
891,X. Smith,,,,,,,,,,,,,,,,,,,,,,,,,,0.0
892,W. Kobusingye,,,,,,,,,,,,,,,,,,,,,,,,,,0.0
893,A. Lalam,,,,,,,,,,,,,,,,,,,,,,,,,,0.0
894,D. Kalni?š,,,,,,,,,,,,,,,,,,,,,,,,,,0.0
895,O. Akia,,,,,,,,,,,,,,,,,,,,,,,,,,0.0
896,R. Koch,,,,,,,,,,,,,,,,,,,,,,,,,,0.0
897,V. Chimwaza,,,,,,,,,,,,,,,,,,,,,,,,,,0.0
898,Y. Okori,,,,,,,,,,,,,,,,,,,,,,,,,,0.0
899,H. Chakraborty,,,,,,,,,,,,,,,,,,,,,,,,,,0.0
900,C. Benhamou,,,,,,,,,,,,,,,,,,,,,,,,,,0.0
901,X. Nambooze,,,,,,,,,,,,,,,,,,,,,,,,,,0.0
902,O. Seah,,,,,,,,,,,,,,,,,,,,,,,,,,0.0
903,V. Andersson,,,,,,,,,,,,,,,,,,,,,,,,,,0.0
904,C. Pavlovi?,,,,,,,,,,,,,,,,,,,,,,,,,,0.0
905,M. Kayesu,,,,,,,,,,,,,,,,,,,,,,,,,,0.0
906,A. Richard,,,,,,,,,,,,,,,,,,,,,,,,,,0.0
907,B. Bwambale,,,,,,,,,,,,,,,,,,,,,,,,,,0.0
908,D. Huda,,,,,,,,,,,,,,,,,,,,,,,,,,0.0
909,G. Nakalema,,,,,,,,,,,,,,,,,,,,,,,,,,0.0
910,N. Quinn,,,,,,,,,,,,,,,,,,,,,,,,,,0.0
911,R. Morin,,,,,,,,,,,,,,,,,,,,,,,,,,0.0
912,G. Yunusa,,,,,,,,,,,,,,,,,,,,,,,,,,0.0
913,K. Umar,,,,,,,,,,,,,,,,,,,,,,,,,,0.0
914,Q. Lou,,,,,,,,,,,,,,,,,,,,,,,,,,0.0
915,A. Mugisha,,,,,,,,,,,,,,,,,,,,,,,,,,0.0
916,F. Taruvinga,,,,,,,,,,,,,,,,,,,,,,,,,,0.0
917,I. Beh,,,,,,,,,,,,,,,,,,,,,,,,,,0.0
918,S. Nansamba,,,,,,,,,,,,,,,,,,,,,,,,,,0.0
919,A. Hudák,,,,,,,,,,,,,,,,,,,,,,,,,,0.0
920,A. Tio,,,,,,,,,,,,,,,,,,,,,,,,,,0.0
921,C. Lunyolo,,,,,,,,,,,,,,,,,,,,,,,,,,0.0
922,C. Yousef,,,,,,,,,,,,,,,,,,,,,,,,,,0.0
923,H. Gumisiriza,,,,,,,,,,,,,,,,,,,,,,,,,,0.0
924,U. Businge,,,,,,,,,,,,,,,,,,,,,,,,,,0.0
925,I. Murakami,,,,,,,,,,,,,,,,,,,,,,,,,,0.0
926,Y. Kasozi,,,,,,,,,,,,,,,,,,,,,,,,,,0.0
927,P. Farina,,,,,,,,,,,,,,,,,,,,,,,,,,0.0
928,G. Katumba,,,,,,,,,,,,,,,,,,,,,,,,,,0.0
929,C. Ibrahim,,,,,,,,,,,,,,,,,,,,,,,,,,0.0
930,L. Kimuli,,,,,,,,,,,,,,,,,,,,,,,,,,0.0
931,D. Akia,,,,,,,,,,,,,,,,,,,,,,,,,,0.0
932,D. Pal,,,,,,,,,,,,,,,,,,,,,,,,,,0.0
933,N. Andama,,,,,,,,,,,,,,,,,,,,,,,,,,0.0
934,U. Ahebwa,,,,,,,,,,,,,,,,,,,,,,,,,,0.0
935,Z. Hribar,,,,,,,,,,,,,,,,,,,,,,,,,,0.0
936,H. bin Ibrahim,,,,,,,,,,,,,,,,,,,,,,,,,,0.0
937,A. Muller,,,,,,,,,,,,,,,,,,,,,,,,,,0.0
938,H. Nakafeero,,,,,,,,,,,,,,,,,,,,,,,,,,0.0
939,V. Salim,,,,,,,,,,,,,,,,,,,,,,,,,,0.0
940,V. Akoli,,,,,,,,,,,,,,,,,,,,,,,,,,0.0
941,V. Quay,,,,,,,,,,,,,,,,,,,,,,,,,,0.0
942,G. Kintu,,,,,,,,,,,,,,,,,,,,,,,,,,0.0
943,L. Wambi,,,,,,,,,,,,,,,,,,,,,,,,,,0.0
944,N. Muzenda,,,,,,,,,,,,,,,,,,,,,,,,,,0.0
945,Q. Roy,,,,,,,,,,,,,,,,,,,,,,,,,,0.0
946,H. Nakagolo,,,,,,,,,,,,,,,,,,,,,,,,,,0.0
947,A. Kamusiime,,,,,,,,,,,,,,,,,,,,,,,,,,0.0
948,O. Nalubega,,,,,,,,,,,,,,,,,,,,,,,,,,0.0
949,G. Namakula,,,,,,,,,,,,,,,,,,,,,,,,,,0.0
950,J. Khoh,,,,,,,,,,,,,,,,,,,,,,,,,,0.0
951,G. Syu,,,,,,,,,,,,,,,,,,,,,,,,,,0.0
952,T. Lam,,,,,,,,,,,,,,,,,,,,,,,,,,0.0
953,P. Nabbanja,,,,,,,,,,,,,,,,,,,,,,,,,,0.0
954,C. Kavuma,,,,,,,,,,,,,,,,,,,,,,,,,,0.0
955,E. Wang,,,,,,,,,,,,,,,,,,,,,,,,,,0.0
956,I. Eriksen,,,,,,,,,,,,,,,,,,,,,,,,,,0.0
957,L. Arai,,,,,,,,,,,,,,,,,,,,,,,,,,0.0
958,P. Alobo,,,,,,,,,,,,,,,,,,,,,,,,,,0.0
959,T. Lawino,,,,,,,,,,,,,,,,,,,,,,,,,,0.0
960,E. Kalungi,,,,,,,,,,,,,,,,,,,,,,,,,,0.0
961,Q. Namusobya,,,,,,,,,,,,,,,,,,,,,,,,,,0.0
962,G. Tugume,,,,,,,,,,,,,,,,,,,,,,,,,,0.0
963,L. Olsson,,,,,,,,,,,,,,,,,,,,,,,,,,0.0
964,M. Nurhayati,,,,,,,,,,,,,,,,,,,,,,,,,,0.0
965,M. Stein,,,,,,,,,,,,,,,,,,,,,,,,,,0.0
966,R. Cossa,,,,,,,,,,,,,,,,,,,,,,,,,,0.0
967,S. Sala,,,,,,,,,,,,,,,,,,,,,,,,,,0.0
968,F. Van Leeuwen,,,,,,,,,,,,,,,,,,,,,,,,,,0.0
969,R. Rossi,,,,,,,,,,,,,,,,,,,,,,,,,,0.0
970,A. Fatimah,,,,,,,,,,,,,,,,,,,,,,,,,,0.0
971,Q. Vuji?,,,,,,,,,,,,,,,,,,,,,,,,,,0.0
972,N. Sadeghi,,,,,,,,,,,,,,,,,,,,,,,,,,0.0
973,C. De Vries,,,,,,,,,,,,,,,,,,,,,,,,,,0.0
974,D. Mwebesa,,,,,,,,,,,,,,,,,,,,,,,,,,0.0
975,I. Namata,,,,,,,,,,,,,,,,,,,,,,,,,,0.0
976,Y. Turyahabwe,,,,,,,,,,,,,,,,,,,,,,,,,,0.0
977,B. Luki?,,,,,,,,,,,,,,,,,,,,,,,,,,0.0
978,I. Niemi,,,,,,,,,,,,,,,,,,,,,,,,,,0.0
979,J. Abdel,,,,,,,,,,,,,,,,,,,,,,,,,,0.0
980,C. Kasangaki,,,,,,,,,,,,,,,,,,,,,,,,,,0.0
981,C. Navarro,,,,,,,,,,,,,,,,,,,,,,,,,,0.0
982,Q. Pellegrino,,,,,,,,,,,,,,,,,,,,,,,,,,0.0
983,X. Nabukalu,,,,,,,,,,,,,,,,,,,,,,,,,,0.0
984,I. Carpentier,,,,,,,,,,,,,,,,,,,,,,,,,,0.0
985,X. Muzaki,,,,,,,,,,,,,,,,,,,,,,,,,,0.0
986,G. Varma,,,,,,,,,,,,,,,,,,,,,,,,,,0.0
987,H. Kowalski,,,,,,,,,,,,,,,,,,,,,,,,,,0.0
988,J. Chan,,,,,,,,,,,,,,,,,,,,,,,,,,0.0
989,K. Byakatonda,,,,,,,,,,,,,,,,,,,,,,,,,,0.0
990,L. Wambi,,,,,,,,,,,,,,,,,,,,,,,,,,0.0
991,Q. Alonso,,,,,,,,,,,,,,,,,,,,,,,,,,0.0
992,T. Faure,,,,,,,,,,,,,,,,,,,,,,,,,,0.0
993,A. binti Zakaria,,,,,,,,,,,,,,,,,,,,,,,,,,0.0
994,F. Lukyamuzi,,,,,,,,,,,,,,,,,,,,,,,,,,0.0
995,F. Taha,,,,,,,,,,,,,,,,,,,,,,,,,,0.0
996,N. bin Hashim,,,,,,,,,,,,,,,,,,,,,,,,,,0.0
997,K. Asadi,,,,,,,,,,,,,,,,,,,,,,,,,,0.0
998,B. Binder,,,,,,,,,,,,,,,,,,,,,,,,,,0.0
999,E. Miyamoto,,,,,,,,,,,,,,,,,,,,,,,,,,0.0
1000,S. Kule,,,,,,,,,,,,,,,,,,,,,,,,,,0.0
1001,T. Haim,,,,,,,,,,,,,,,,,,,,,,,,,,0.0
1002,A. O'Connor,,,,,,,,,,,,,,,,,,,,,,,,,,0.0
1003,G. Magaya,,,,,,,,,,,,,,,,,,,,,,,,,,0.0
1004,O. Gatti,,,,,,,,,,,,,,,,,,,,,,,,,,0.0
1005,Z. Andersen,,,,,,,,,,,,,,,,,,,,,,,,,,0.0
1006,S. Wimmer,,,,,,,,,,,,,,,,,,,,,,,,,,0.0
1007,C. Machingura,,,,,,,,,,,,,,,,,,,,,,,,,,0.0
1008,D. Jena,,,,,,,,,,,,,,,,,,,,,,,,,,0.0
1009,G. Riva,,,,,,,,,,,,,,,,,,,,,,,,,,0.0
1010,L. Khonje,,,,,,,,,,,,,,,,,,,,,,,,,,0.0
1011,P. Okoth,,,,,,,,,,,,,,,,,,,,,,,,,,0.0
1012,V. Ang,,,,,,,,,,,,,,,,,,,,,,,,,,0.0
1013,X. Ayugi,,,,,,,,,,,,,,,,,,,,,,,,,,0.0
1014,P. Paterson,,,,,,,,,,,,,,,,,,,,,,,,,,0.0
1015,D. Horn,,,,,,,,,,,,,,,,,,,,,,,,,,0.0
1016,H. Jovanovi?,,,,,,,,,,,,,,,,,,,,,,,,,,0.0
1017,C. Najafi,,,,,,,,,,,,,,,,,,,,,,,,,,0.0
1018,C. Nalwadda,,,,,,,,,,,,,,,,,,,,,,,,,,0.0
1019,E. Bukar,,,,,,,,,,,,,,,,,,,,,,,,,,0.0
1020,D. Lian,,,,,,,,,,,,,,,,,,,,,,,,,,0.0
1021,E. Balog,,,,,,,,,,,,,,,,,,,,,,,,,,0.0
1022,Q. Namazzi,,,,,,,,,,,,,,,,,,,,,,,,,,0.0
1023,S. Baig,,,,,,,,,,,,,,,,,,,,,,,,,,0.0
1024,R. Ueta,,,,,,,,,,,,,,,,,,,,,,,,,,0.0
1025,C. Popescu,,,,,,,,,,,,,,,,,,,,,,,,,,0.0
1026,P. Nakimera,,,,,,,,,,,,,,,,,,,,,,,,,,0.0
1027,B. Turinawe,,,,,,,,,,,,,,,,,,,,,,,,,,0.0
1028,H. Nieminen,,,,,,,,,,,,,,,,,,,,,,,,,,0.0
1029,G. Mishra,,,,,,,,,,,,,,,,,,,,,,,,,,0.0
1030,L. Alqahtani,,,,,,,,,,,,,,,,,,,,,,,,,,0.0
1031,R. Aloyo,,,,,,,,,,,,,,,,,,,,,,,,,,0.0
1032,S. Phillips,,,,,,,,,,,,,,,,,,,,,,,,,,0.0
1033,Z. Salisu,,,,,,,,,,,,,,,,,,,,,,,,,,0.0
1034,O. Farkas,,,,,,,,,,,,,,,,,,,,,,,,,,0.0
1035,C. Kakayi,,,,,,,,,,,,,,,,,,,,,,,,,,0.0
1036,V. It?,,,,,,,,,,,,,,,,,,,,,,,,,,0.0
1037,C. Baluka,,,,,,,,,,,,,,,,,,,,,,,,,,0.0
1038,C. Tukamushaba,,,,,,,,,,,,,,,,,,,,,,,,,,0.0
1039,K. Nalwanga,,,,,,,,,,,,,,,,,,,,,,,,,,0.0
1040,K. Shibata,,,,,,,,,,,,,,,,,,,,,,,,,,0.0
1041,Q. bin Ismail,,,,,,,,,,,,,,,,,,,,,,,,,,0.0
1042,T. Larsson,,,,,,,,,,,,,,,,,,,,,,,,,,0.0
1043,T. Nouri,,,,,,,,,,,,,,,,,,,,,,,,,,0.0
1044,T. Okoro,,,,,,,,,,,,,,,,,,,,,,,,,,0.0
1045,S. Rizzo,,,,,,,,,,,,,,,,,,,,,,,,,,0.0
1046,A. Hasibuan,,,,,,,,,,,,,,,,,,,,,,,,,,0.0
1047,L. Tambala,,,,,,,,,,,,,,,,,,,,,,,,,,0.0
1048,R. Namutebi,,,,,,,,,,,,,,,,,,,,,,,,,,0.0
1049,S. Hashemi,,,,,,,,,,,,,,,,,,,,,,,,,,0.0
1050,T. Audu,,,,,,,,,,,,,,,,,,,,,,,,,,0.0
1051,V. Mansoor,,,,,,,,,,,,,,,,,,,,,,,,,,0.0
1052,U. Quaye,,,,,,,,,,,,,,,,,,,,,,,,,,0.0
1053,G. Kou,,,,,,,,,,,,,,,,,,,,,,,,,,0.0
1054,L. Petrenko,,,,,,,,,,,,,,,,,,,,,,,,,,0.0
1055,G. Rousseau,,,,,,,,,,,,,,,,,,,,,,,,,,0.0
1056,H. Nkiwane,,,,,,,,,,,,,,,,,,,,,,,,,,0.0
1057,K. Polák,,,,,,,,,,,,,,,,,,,,,,,,,,0.0
1058,L. Chhang,,,,,,,,,,,,,,,,,,,,,,,,,,0.0
1059,X. Namuli,,,,,,,,,,,,,,,,,,,,,,,,,,0.0
1060,O. Rosario,,,,,,,,,,,,,,,,,,,,,,,,,,0.0
1061,N. Nafuna,,,,,,,,,,,,,,,,,,,,,,,,,,0.0
1062,O. Demirovi?,,,,,,,,,,,,,,,,,,,,,,,,,,0.0
1063,H. Sinaga,,,,,,,,,,,,,,,,,,,,,,,,,,0.0
1064,C. Carvalho,,,,,,,,,,,,,,,,,,,,,,,,,,0.0
1065,J. De Luca,,,,,,,,,,,,,,,,,,,,,,,,,,0.0
1066,A. Gautier,,,,,,,,,,,,,,,,,,,,,,,,,,0.0
1067,X. Haji,,,,,,,,,,,,,,,,,,,,,,,,,,0.0
1068,E. Naik,,,,,,,,,,,,,,,,,,,,,,,,,,0.0
1069,J. Wulandari,,,,,,,,,,,,,,,,,,,,,,,,,,0.0
1070,M. As,,,,,,,,,,,,,,,,,,,,,,,,,,0.0
1071,O. Atim,,,,,,,,,,,,,,,,,,,,,,,,,,0.0
1072,K. Pawar,,,,,,,,,,,,,,,,,,,,,,,,,,0.0
1073,B. Opoka,,,,,,,,,,,,,,,,,,,,,,,,,,0.0
1074,A. Mtambo,,,,,,,,,,,,,,,,,,,,,,,,,,0.0
1075,H. Lo,,,,,,,,,,,,,,,,,,,,,,,,,,0.0
1076,I. Takeuchi,,,,,,,,,,,,,,,,,,,,,,,,,,0.0
1077,T. Monteiro,,,,,,,,,,,,,,,,,,,,,,,,,,0.0
1078,X. Tourgeman,,,,,,,,,,,,,,,,,,,,,,,,,,0.0
1079,Z. Quek Kwik,,,,,,,,,,,,,,,,,,,,,,,,,,0.0
1080,L. Kidega,,,,,,,,,,,,,,,,,,,,,,,,,,0.0
1081,V. Sultan,,,,,,,,,,,,,,,,,,,,,,,,,,0.0
1082,I. Raut,,,,,,,,,,,,,,,,,,,,,,,,,,0.0
1083,J. Maier,,,,,,,,,,,,,,,,,,,,,,,,,,0.0
1084,Y. Meyer,,,,,,,,,,,,,,,,,,,,,,,,,,0.0
1085,C. Wahyuni,,,,,,,,,,,,,,,,,,,,,,,,,,0.0
1086,F. Pagano,,,,,,,,,,,,,,,,,,,,,,,,,,0.0
1087,J. Tumuhimbise,,,,,,,,,,,,,,,,,,,,,,,,,,0.0
1088,K. Musah,,,,,,,,,,,,,,,,,,,,,,,,,,0.0
1089,K. Mwanje,,,,,,,,,,,,,,,,,,,,,,,,,,0.0
1090,R. Tsao,,,,,,,,,,,,,,,,,,,,,,,,,,0.0
1091,S. Szabó,,,,,,,,,,,,,,,,,,,,,,,,,,0.0
1092,Z. Rajabi,,,,,,,,,,,,,,,,,,,,,,,,,,0.0
1093,M. Pedersen,,,,,,,,,,,,,,,,,,,,,,,,,,0.0
1094,Z. Kakai,,,,,,,,,,,,,,,,,,,,,,,,,,0.0
1095,E. Vasav,,,,,,,,,,,,,,,,,,,,,,,,,,0.0
1096,D. Naula,,,,,,,,,,,,,,,,,,,,,,,,,,0.0
1097,E. Ow,,,,,,,,,,,,,,,,,,,,,,,,,,0.0
1098,F. Acayo,,,,,,,,,,,,,,,,,,,,,,,,,,0.0
1099,H. Azizi,,,,,,,,,,,,,,,,,,,,,,,,,,0.0
1100,L. binti Hassan,,,,,,,,,,,,,,,,,,,,,,,,,,0.0
1101,N. Tamura,,,,,,,,,,,,,,,,,,,,,,,,,,0.0
1102,N. Terzi?,,,,,,,,,,,,,,,,,,,,,,,,,,0.0
1103,P. Murmu,,,,,,,,,,,,,,,,,,,,,,,,,,0.0
1104,R. Mensah,,,,,,,,,,,,,,,,,,,,,,,,,,0.0
1105,W. Mbaziira,,,,,,,,,,,,,,,,,,,,,,,,,,0.0
1106,X. Takagi,,,,,,,,,,,,,,,,,,,,,,,,,,0.0
1107,Y. Mugerwa,,,,,,,,,,,,,,,,,,,,,,,,,,0.0
1108,C. Busingye,,,,,,,,,,,,,,,,,,,,,,,,,,0.0
1109,D. Bergmann,,,,,,,,,,,,,,,,,,,,,,,,,,0.0
1110,E. Bahrami,,,,,,,,,,,,,,,,,,,,,,,,,,0.0
1111,E. Meiyr,,,,,,,,,,,,,,,,,,,,,,,,,,0.0
1112,F. Mahachi,,,,,,,,,,,,,,,,,,,,,,,,,,0.0
1113,H. Oliveira,,,,,,,,,,,,,,,,,,,,,,,,,,0.0
1114,M. Okori,,,,,,,,,,,,,,,,,,,,,,,,,,0.0
1115,R. Taketa,,,,,,,,,,,,,,,,,,,,,,,,,,0.0
1116,U. Arthur,,,,,,,,,,,,,,,,,,,,,,,,,,0.0
1117,W. Guo,,,,,,,,,,,,,,,,,,,,,,,,,,0.0
1118,W. Yeoh,,,,,,,,,,,,,,,,,,,,,,,,,,0.0
1119,C. Mitrovi?,,,,,,,,,,,,,,,,,,,,,,,,,,0.0
